Alias,Fecha Ultima Localizacion,Latitud,Longitud,Direccion,Placa,Taller Molina,Region,Fecha,Hora,Proveedor
BCU-731 [PACASMAYO],2023-01-26 17:36:13,-7.2552,-79.1323,"AVENIDA MIRAFLORES,YONAN,CAJAMARCA",BCU-731,False,Cajamarca,2023-01-26,17:36,Hunter
BCU-732 [PACASMAYO],2023-01-26 18:02:05,-5.16776,-80.7149,"CARRETERA PAITA - PIURA,26 DE OCTUBRE,PIURA",BCU-732,False,Piura,2023-01-26,18:02,Hunter
BCU-733 [PACASMAYO],2023-01-26 18:13:46,-5.16754,-80.715,"CARRETERA PAITA - PIURA,26 DE OCTUBRE,PIURA",BCU-733,False,Piura,2023-01-26,18:13,Hunter
BCU-734 [PACASMAYO],2023-01-26 18:18:17,-5.18159,-80.6127,"(-5.1815,-80.6127),CASTILLA,PIURA",BCU-734,False,Piura,2023-01-26,18:18,Hunter
BCU-735 [PACASMAYO],2023-01-26 14:39:48,-5.98511,-77.2856,"CARRETERA FERNANDO BELAUNDE TERRY,RIOJA,RIOJA,SAN MARTIN",BCU-735,False,San Martin,2023-01-26,14:39,Hunter
BCU-777 [PACASMAYO],2023-01-26 17:50:29,-5.17494,-80.6346,"AVENIDA LAS PALMERAS,PIURA,PIURA",BCU-777,False,Piura,2023-01-26,17:50,Hunter
BCU-778 [PACASMAYO],2023-01-26 18:35:57,-7.24707,-79.1156,"PE-8,YONAN,CAJAMARCA",BCU-778,False,Cajamarca,2023-01-26,18:35,Hunter
BCU-779 [PACASMAYO],2023-01-26 18:14:34,-5.1675,-80.7153,"CARRETERA PAITA - PIURA,26 DE OCTUBRE,PIURA",BCU-779,False,Piura,2023-01-26,18:14,Hunter
BCU-798 [PACASMAYO],2023-01-26 18:35:04,-6.06118,-77.1639,"(-6.0611,-77.1638),RIOJA,RIOJA,SAN MARTIN",BCU-798,False,San Martin,2023-01-26,18:35,Hunter
BCU-799 [PACASMAYO],2023-01-26 18:34:36,-5.17944,-80.6462,"(-5.1794,-80.6462),PIURA,PIURA",BCU-799,False,Piura,2023-01-26,18:34,Hunter
BCU-803 [PACASMAYO],2022-12-12 15:48:40,-5.18508,-80.6438,"PE-02,PIURA,PIURA",BCU-803,False,Piura,2022-12-12,15:48,Hunter
BCU-804 [PACASMAYO],2023-01-26 18:10:09,-5.18173,-80.6564,"(-5.1817,-80.6563),26 DE OCTUBRE,PIURA",BCU-804,False,Piura,2023-01-26,18:10,Hunter
BCU-805 [PACASMAYO],2023-01-26 18:36:17,-5.18902,-80.6492,"AVENIDA GRAU,26 DE OCTUBRE,PIURA",BCU-805,False,Piura,2023-01-26,18:36,Hunter
BCU-807 [PACASMAYO],2023-01-26 18:14:04,-8.0941,-78.9996,"AVENIDA CAMINO REAL,TRUJILLO,LA LIBERTAD",BCU-807,False,La Libertad,2023-01-26,18:14,Hunter
BCU-817 [PACASMAYO],2022-12-20 19:55:47,-6.77576,-79.8456,"AVENIDA JOSE LEONARDO ORTIZ,CHICLAYO,LAMBAYEQUE",BCU-817,False,Lambayeque,2022-12-20,19:55,Hunter
BCU-818 [PACASMAYO],2023-01-26 18:19:10,-3.68448,-80.6904,"(-3.6844,-80.690),CONTRALMIRANTE VILLAR,TUMBES",BCU-818,False,Tumbes,2023-01-26,18:19,Hunter
BCU-819 [PACASMAYO],2023-01-26 18:00:27,-5.16409,-80.7203,"CARRETERA PAITA - PIURA,26 DE OCTUBRE,PIURA",BCU-819,False,Piura,2023-01-26,18:00,Hunter
BCU-890 [PACASMAYO],2023-01-26 18:07:57,-5.2042,-80.6228,"AREQUIPA,CASTILLA,PIURA",BCU-890,False,Piura,2023-01-26,18:07,Hunter
BCU-891 [PACASMAYO],2023-01-26 18:27:34,-6.83341,-79.9376,"(-6.8334,-79.9376),CHICLAYO,LAMBAYEQUE",BCU-891,False,Lambayeque,2023-01-26,18:27,Hunter
BCU-903 [PACASMAYO],2023-01-26 17:39:46,-5.16397,-80.7192,"CARRETERA PAITA - PIURA,26 DE OCTUBRE,PIURA",BCU-903,False,Piura,2023-01-26,17:39,Hunter
BCU-904 [PACASMAYO],2023-01-26 18:33:04,-7.16581,-78.4632,"MAYTA CAPAC,CAJAMARCA,CAJAMARCA",BCU-904,False,Cajamarca,2023-01-26,18:33,Hunter
BCU-905 [PACASMAYO],2023-01-26 18:02:09,-7.40979,-79.5537,"PANAMERICANA NORTE,SAN PEDRO DE LLOC,LA LIBERTAD",BCU-905,False,La Libertad,2023-01-26,18:02,Hunter
BCU-910 [PACASMAYO],2023-01-26 18:36:37,-5.16407,-80.7202,"CARRETERA PAITA - PIURA,26 DE OCTUBRE,PIURA",BCU-910,False,Piura,2023-01-26,18:36,Hunter
BCV-721 [PACASMAYO],2023-01-26 18:26:26,-7.39919,-79.5709,"(-7.3991,-79.5708),PACASMAYO,LA LIBERTAD",BCV-721,False,La Libertad,2023-01-26,18:26,Hunter
BCV-723 [PACASMAYO],2023-01-23 14:51:25,-8.13342,-79.0408,"CALLE LOS TILOS,VICTOR LARCO HERRERA,LA LIBERTAD",BCV-723,False,La Libertad,2023-01-23,14:51,Hunter
BCV-724 [PACASMAYO],2023-01-26 18:24:40,-7.40548,-79.5616,"(-7.4054,-79.5616),PACASMAYO,LA LIBERTAD",BCV-724,False,La Libertad,2023-01-26,18:24,Hunter
BCV-725 [PACASMAYO],2023-01-26 17:53:36,-5.18858,-80.6171,"AVENIDA INDEPENDENCIA,CASTILLA,PIURA",BCV-725,False,Piura,2023-01-26,17:53,Hunter
BCV-730 [PACASMAYO],2023-01-26 17:50:00,-6.77927,-79.8795,"(-6.7792,-79.8794),CHICLAYO,LAMBAYEQUE",BCV-730,False,Lambayeque,2023-01-26,17:50,Hunter
BCV-731 [PACASMAYO],2023-01-26 18:35:23,-7.14957,-78.5156,"LAS CASUARINAS,CAJAMARCA,CAJAMARCA",BCV-731,False,Cajamarca,2023-01-26,18:35,Hunter
BCV-732 [PACASMAYO],2023-01-26 17:16:22,-6.77933,-79.8793,"AVENIDA LA PRADERA,CHICLAYO,LAMBAYEQUE",BCV-732,False,Lambayeque,2023-01-26,17:16,Hunter
BCV-734 [PACASMAYO],2023-01-26 18:35:13,-7.38919,-79.5536,"PANAMERICANA NORTE,PACASMAYO,LA LIBERTAD",BCV-734,False,La Libertad,2023-01-26,18:35,Hunter
BCV-735 [PACASMAYO],2023-01-26 18:30:54,-8.11849,-79.0434,"CALLE 44,SUPER 43,TRUJILLO,LA LIBERTAD",BCV-735,False,La Libertad,2023-01-26,18:30,Hunter
BCV-736 [PACASMAYO],2023-01-26 17:52:50,-7.1611,-78.5065,"HUASCARAN,CAJAMARCA,CAJAMARCA",BCV-736,False,Cajamarca,2023-01-26,17:52,Hunter
BCV-737 [PACASMAYO],2023-01-26 18:29:48,-8.08746,-79.05,"CALLE 2,TRUJILLO,LA LIBERTAD",BCV-737,False,La Libertad,2023-01-26,18:29,Hunter
BCV-744 [PACASMAYO],2023-01-26 18:03:21,-5.16487,-80.7203,"CARRETERA PAITA - PIURA,26 DE OCTUBRE,PIURA",BCV-744,False,Piura,2023-01-26,18:03,Hunter
BCV-746 [PACASMAYO],2023-01-26 17:49:36,-8.05317,-79.0612,"CALLE MAMA OCLLO,TRUJILLO,LA LIBERTAD",BCV-746,False,La Libertad,2023-01-26,17:49,Hunter
BCV-748 [PACASMAYO],2023-01-26 17:43:31,-7.40992,-79.5538,"PANAMERICANA NORTE,SAN PEDRO DE LLOC,LA LIBERTAD",BCV-748,False,La Libertad,2023-01-26,17:43,Hunter
BCV-750 [PACASMAYO],2023-01-26 18:34:52,-5.16762,-80.7151,"CARRETERA PAITA - PIURA,26 DE OCTUBRE,PIURA",BCV-750,False,Piura,2023-01-26,18:34,Hunter
BCV-751 [PACASMAYO],2023-01-26 18:08:31,-7.40994,-79.5539,"PANAMERICANA NORTE,SAN PEDRO DE LLOC,LA LIBERTAD",BCV-751,False,La Libertad,2023-01-26,18:08,Hunter
BCV-752 [PACASMAYO],2023-01-26 18:37:10,-9.13777,-78.5109,"AVENIDA 3,NUEVO CHIMBOTE,ANCASH",BCV-752,False,Ancash,2023-01-26,18:37,Hunter
BCV-755 [PACASMAYO],2023-01-26 18:36:53,-8.12701,-79.0441,"CALLE LAS GAVIOTAS,TRUJILLO,LA LIBERTAD",BCV-755,False,La Libertad,2023-01-26,18:36,Hunter
BCV-756 [PACASMAYO],2023-01-26 17:37:17,-7.40935,-79.5552,"PANAMERICANA NORTE,SAN PEDRO DE LLOC,LA LIBERTAD",BCV-756,False,La Libertad,2023-01-26,17:37,Hunter
BCV-759 [PACASMAYO],2023-01-26 18:36:41,-5.71495,-78.8011,"TORRE TAGLE,JAEN,CAJAMARCA",BCV-759,False,Cajamarca,2023-01-26,18:36,Hunter
BCV-760 [PACASMAYO],2023-01-26 17:40:34,-7.4099,-79.5538,"PANAMERICANA NORTE,SAN PEDRO DE LLOC,LA LIBERTAD",BCV-760,False,La Libertad,2023-01-26,17:40,Hunter
BCV-761 [PACASMAYO],2023-01-26 18:36:49,-5.14226,-80.639,"(-5.1422,-80.6390),PIURA,PIURA",BCV-761,False,Piura,2023-01-26,18:36,Hunter
BCV-762 [PACASMAYO],2023-01-26 18:36:49,-5.99562,-77.2734,"CARRETERA FERNANDO BELAUNDE TERRY,RIOJA,RIOJA,SAN MARTIN",BCV-762,False,San Martin,2023-01-26,18:36,Hunter
BCV-763 [PACASMAYO],2023-01-26 18:36:30,-6.06229,-77.1667,"(-6.0622,-77.1666),RIOJA,RIOJA,SAN MARTIN",BCV-763,False,San Martin,2023-01-26,18:36,Hunter
BCV-772 [PACASMAYO],2023-01-26 18:35:13,-8.0832,-79.0445,"AVENIDA JOSE GABRIEL CONDORCANQUI,TRUJILLO,LA LIBERTAD",BCV-772,False,La Libertad,2023-01-26,18:35,Hunter
BCV-773 [PACASMAYO],2023-01-26 18:35:10,-7.4114,-79.5526,"PANAMERICANA NORTE,SAN PEDRO DE LLOC,LA LIBERTAD",BCV-773,False,La Libertad,2023-01-26,18:35,Hunter
BCV-786 [PACASMAYO],2023-01-26 18:09:53,-8.13843,-79.0093,"PANAMERICANA NORTE,TRUJILLO,LA LIBERTAD",BCV-786,False,La Libertad,2023-01-26,18:09,Hunter
BCV-787 [PACASMAYO],2023-01-26 17:51:38,-7.20353,-78.4327,"CARRETERA SAN MARCOS,CAJAMARCA,CAJAMARCA",BCV-787,False,Cajamarca,2023-01-26,17:51,Hunter
BCV-788 [PACASMAYO],2023-01-26 18:35:44,-8.07044,-79.1205,"AVENIDA VICTOR LARCO HERRERA,HUANCHACO,LA LIBERTAD",BCV-788,False,La Libertad,2023-01-26,18:35,Hunter
BCV-790 [PACASMAYO],2023-01-26 17:48:21,-7.4079,-79.552,"PANAMERICANA NORTE,SAN PEDRO DE LLOC,LA LIBERTAD",BCV-790,False,La Libertad,2023-01-26,17:48,Hunter
BCV-792 [PACASMAYO],2023-01-26 18:23:21,-7.40983,-79.5538,"PANAMERICANA NORTE,SAN PEDRO DE LLOC,LA LIBERTAD",BCV-792,False,La Libertad,2023-01-26,18:23,Hunter
BCV-794 [PACASMAYO],2023-01-26 18:35:23,-7.30562,-79.4794,"PANAMERICANA NORTE,GUADALUPE,LA LIBERTAD",BCV-794,False,La Libertad,2023-01-26,18:35,Hunter
BCV-839 [PACASMAYO],2023-01-26 17:38:07,-5.1707,-80.63,"(-5.1706,-80.6299),PIURA,PIURA",BCV-839,False,Piura,2023-01-26,17:38,Hunter
BCV-840 [PACASMAYO],2023-01-26 18:31:55,-5.16754,-80.7151,"CARRETERA PAITA - PIURA,26 DE OCTUBRE,PIURA",BCV-840,False,Piura,2023-01-26,18:31,Hunter
BCV-841 [PACASMAYO],2023-01-26 18:27:28,-8.11838,-79.0393,"AVENIDA JUAN PABLO II,TRUJILLO,LA LIBERTAD",BCV-841,False,La Libertad,2023-01-26,18:27,Hunter
BCV-842 [PACASMAYO],2023-01-26 18:36:33,-7.51647,-79.4016,"PANAMERICANA NORTE,SAN PEDRO DE LLOC,LA LIBERTAD",BCV-842,False,La Libertad,2023-01-26,18:36,Hunter
BCV-843 [PACASMAYO],2023-01-26 18:08:41,-7.40801,-79.5535,"PANAMERICANA NORTE,SAN PEDRO DE LLOC,LA LIBERTAD",BCV-843,False,La Libertad,2023-01-26,18:08,Hunter
BCV-844 [PACASMAYO],2023-01-26 18:35:56,-5.2955,-80.6176,"PANAMERICANA NORTE,EL TALLAN,PIURA",BCV-844,False,Piura,2023-01-26,18:35,Hunter
BCV-845 [PACASMAYO],2023-01-26 18:18:47,-8.11576,-79.0243,"CALLE HUAYNA CAPAC,TRUJILLO,LA LIBERTAD",BCV-845,False,La Libertad,2023-01-26,18:18,Hunter
BCV-848 [PACASMAYO],2023-01-26 17:59:35,-7.40979,-79.5537,"PANAMERICANA NORTE,SAN PEDRO DE LLOC,LA LIBERTAD",BCV-848,False,La Libertad,2023-01-26,17:59,Hunter
BDG-852 [PACASMAYO],2023-01-25 14:42:34,-5.9959,-77.2731,"CARRETERA FERNANDO BELAUNDE TERRY,RIOJA,RIOJA,SAN MARTIN",BDG-852,False,San Martin,2023-01-25,14:42,Hunter
BDG-888 [PACASMAYO],2023-01-26 18:33:43,-5.99751,-77.2736,"CARRETERA FERNANDO BELAUNDE TERRY,RIOJA,RIOJA,SAN MARTIN",BDG-888,False,San Martin,2023-01-26,18:33,Hunter
BDG-933 [PACASMAYO],2023-01-26 17:53:47,-6.48174,-76.3623,"JIRON FEDERICO SANCHEZ,TARAPOTO,SAN MARTIN",BDG-933,False,San Martin,2023-01-26,17:53,Hunter
BDH-771 [PACASMAYO],2023-01-26 18:37:00,-8.12798,-79.0398,"CALLE SANTA LUCIA,TRUJILLO,LA LIBERTAD",BDH-771,False,La Libertad,2023-01-26,18:37,Hunter
BDH-779 [PACASMAYO],2023-01-26 18:36:37,-6.05346,-77.1578,"CARRETERA FERNANDO BELAUNDE TERRY,RIOJA,RIOJA,SAN MARTIN",BDH-779,False,San Martin,2023-01-26,18:36,Hunter
BDJ-727 [PACASMAYO],2023-01-26 18:05:42,-6.49231,-76.3383,"(-6.4923,-76.3382),TARAPOTO,SAN MARTIN",BDJ-727,False,San Martin,2023-01-26,18:05,Hunter
BHM-764,2023-01-26 18:35:24,-8.05331,-79.0612,"CALLE MAMA OCLLO,TRUJILLO,LA LIBERTAD",BHM-764,False,La Libertad,2023-01-26,18:35,Hunter
BHN-701,2023-01-26 18:15:48,-8.2242,-78.9783,"(-8.2242,-78.9782),TRUJILLO,LA LIBERTAD",BHN-701,False,La Libertad,2023-01-26,18:15,Hunter
BJL-700 [PACASMAYO],2023-01-26 18:36:01,-8.12447,-79.0412,"AVENIDA LOS COLIBRIES,TRUJILLO,LA LIBERTAD",BJL-700,False,La Libertad,2023-01-26,18:36,Hunter
BLI-922,2023-01-26 17:59:09,-7.4067,-79.5604,"(-7.4067,-79.5603),PACASMAYO,LA LIBERTAD",BLI-922,False,La Libertad,2023-01-26,17:59,Hunter
BLJ-847,2023-01-26 18:36:23,-7.25335,-79.4853,"PANAMERICANA NORTE,GUADALUPE,LA LIBERTAD",BLJ-847,False,La Libertad,2023-01-26,18:36,Hunter
BMQ-868,2023-01-26 18:36:42,-5.22697,-80.6358,"(-5.2269,-80.6357),CASTILLA,PIURA",BMQ-868,False,Piura,2023-01-26,18:36,Hunter
BNV-848,2023-01-26 13:16:59,-8.02377,-79.0666,"CALLE TUPAC AMARU,HUANCHACO,LA LIBERTAD",BNV-848,False,La Libertad,2023-01-26,13:16,Hunter
BCU-736 [MBR SCANIA H001],2023-01-26 18:35:50,-6.35365,-79.7782,"RUTA 1B,JAYANCA,LAMBAYEQUE",BCU-736,False,Lambayeque,2023-01-26,18:35,Hunter
BKV-774 [MBR SCANIA H04],2023-01-26 18:37:02,-10.7579,-76.2635,"(-10.7578,-76.2635),TINYAHUARCO,PASCO",BKV-774,False,Pasco,2023-01-26,18:37,Hunter
BAU-847 [MBR TRANS MERIDIAN 1],2023-01-26 18:28:58,-12.0709,-77.088,"CALLE CASMIRO ULLOA,SAN MIGUEL,LIMA",BAU-847,False,Lima,2023-01-26,18:28,Hunter
|BFD-883 CARLOS ESCUDERO|,2023-01-26 17:54:02,-14.8275,-74.9481,"PANAMERICANA SUR,NAZCA,NAZCA,ICA",BFD-883,False,Ica,2023-01-26,17:54,Hunter
|BFD-884 RUFINO VEGA|,2023-01-26 18:36:15,-12.0748,-76.9508,"ALPAMAYO,LA MOLINA,LIMA",BFD-884,False,Lima,2023-01-26,18:36,Hunter
|BFD-885 JUAN ALMENDRAS|,2023-01-26 18:34:00,-8.94146,-78.5623,"(-8.9414,-78.5623),CHIMBOTE,ANCASH",BFD-885,False,Ancash,2023-01-26,18:34,Hunter
|BFD-886 MARIO RAMIREZ S.|,2023-01-26 18:36:31,-9.87284,-76.1785,"CARRETERA CENTRAL,AMARILIS,HUANUCO",BFD-886,False,Huanuco,2023-01-26,18:36,Hunter
|BFE-746 SIN ASIGNADO|,2023-01-25 16:14:20,-12.0716,-76.954,"AVENIDA JAVIER PRADO ESTE,LA MOLINA,LIMA",BFE-746,True,Lima,2023-01-25,16:14,Hunter
|BFE-747 ELOY MARTINEZ|,2023-01-26 18:31:20,-12.0904,-75.1968,"CALLE REAL,CHILCA,JUNIN",BFE-747,False,Junin,2023-01-26,18:31,Hunter
|BFE-748 IVAN FERNANDEZ|,2023-01-26 17:56:28,-5.93736,-77.3097,"(-5.9373,-77.3097),NUEVA CAJAMARCA,SAN MARTIN",BFE-748,False,San Martin,2023-01-26,17:56,Hunter
|BFE-792 ELVIS CARBAJAL|,2023-01-26 18:10:57,-13.5613,-76.1634,"(-13.5612,-76.1633),CHINCHA BAJA,ICA",BFE-792,False,Ica,2023-01-26,18:10,Hunter
"|BFE-912 FERNANDEZ, LUIS|",2023-01-26 18:27:30,-5.26967,-80.6767,"(-5.2696,-80.6766),CATACAOS,PIURA",BFE-912,False,Piura,2023-01-26,18:27,Hunter
|BFE-913 JUSTO ZAPANA M.|,2023-01-26 18:33:23,-16.4261,-71.8214,"(-16.4261,-71.8213),LA JOYA,AREQUIPA",BFE-913,False,Arequipa,2023-01-26,18:33,Hunter
|BFE-914 BRANDO QUISPE|,2023-01-26 18:25:10,-13.164,-74.2218,"AVENIDA RAMON CASTILLA,SAN JUAN BAUTISTA,AYACUCHO",BFE-914,False,Ayacucho,2023-01-26,18:25,Hunter
|BFE-915 CARLOS CARRIZALES|,2023-01-26 18:06:24,-14.0886,-75.7476,"(-14.0885,-75.7476),ICA,ICA",BFE-915,False,Ica,2023-01-26,18:06,Hunter
|BFF-711 LUIS ESPINOZA GALVEZ|,2023-01-26 18:36:09,-6.74176,-79.6946,"(-6.7417,-79.6946),TUMAN,LAMBAYEQUE",BFF-711,False,Lambayeque,2023-01-26,18:36,Hunter
|BFF-712 ISAIAS MARINO|,2023-01-26 18:09:51,-9.91149,-76.2309,"(-9.9114,-76.230),AMARILIS,HUANUCO",BFF-712,False,Huanuco,2023-01-26,18:09,Hunter
|BFF-736 SIN ASIGNADO|,2023-01-11 12:54:41,-12.1819,-76.9953,"CALLE LOS METEOROS,CHORRILLOS,LIMA",BFF-736,False,Lima,2023-01-11,12:54,Hunter
|BFF-737 MIGUEL VALLE|,2023-01-26 17:46:08,-10.75,-77.7607,"AVENIDA LIMA,BARRANCA,LIMA",BFF-737,False,Lima,2023-01-26,17:46,Hunter
|BFF-738 HENRY LUNA|,2023-01-26 18:37:03,-14.0789,-75.7379,"AVENIDA LOS MAESTROS,ICA,ICA",BFF-738,False,Ica,2023-01-26,18:37,Hunter
|BFF-767 BENITO LIMAS|,2023-01-26 18:12:58,-9.27929,-77.6483,"AV. PROGRESO,CARHUAZ,ANCASH",BFF-767,False,Ancash,2023-01-26,18:12,Hunter
|BFF-768 RONALD ACHAHUI|,2023-01-26 18:29:17,-13.5356,-71.909,"(-13.5356,-71.9089),SAN SEBASTIAN,CUSCO",BFF-768,False,Cusco,2023-01-26,18:29,Hunter
|BFF-769 DIEGO COLQUE|,2023-01-26 18:36:50,-16.2764,-72.4465,"AR-549,CAMANA,AREQUIPA",BFF-769,False,Arequipa,2023-01-26,18:36,Hunter
|BFF-813 GUSTAVO QUISPE|,2023-01-26 18:30:47,-10.7523,-77.7607,"JIRON RAMON CASTILLA,BARRANCA,LIMA",BFF-813,False,Lima,2023-01-26,18:30,Hunter
|BFF-814 FERNANDO GALARRETA|,2023-01-26 18:33:06,-10.7502,-77.7605,"AVENIDA LIMA,BARRANCA,LIMA",BFF-814,False,Lima,2023-01-26,18:33,Hunter
|BFF-815 JHONATAN HUATAY|,2023-01-26 18:36:50,-7.06434,-76.584,"MARISCAL CACERES,BELLAVISTA,SAN MARTIN",BFF-815,False,San Martin,2023-01-26,18:36,Hunter
|BFF-821 FERNANDO HUAMAN|,2023-01-26 18:35:30,-11.4932,-77.2021,"ANDRES DE LOS REYES,HUARAL,HUARAL,LIMA",BFF-821,False,Lima,2023-01-26,18:35,Hunter
|BFF-822 ROBERT CHAVARRIA BERROSPI|,2023-01-26 18:36:25,-10.7459,-77.757,"JIRON LAURIAMA,BARRANCA,LIMA",BFF-822,False,Lima,2023-01-26,18:36,Hunter
"|BFF-823 FLORES, FREDY|",2023-01-26 18:19:11,-10.0673,-78.1482,"AVENIDA AIJA,HUARMEY,ANCASH",BFF-823,False,Ancash,2023-01-26,18:19,Hunter
|BFF-824 SIN ASIGNADO|,2023-01-26 18:05:55,-12.044,-75.2144,"JIRON SAN JOSE,EL TAMBO,JUNIN",BFF-824,False,Junin,2023-01-26,18:05,Hunter
|BFF-845 MICHEL DE LA CRUZ|,2023-01-26 18:34:22,-16.426,-71.8218,"LUZ SOLDAN,LA JOYA,AREQUIPA",BFF-845,False,Arequipa,2023-01-26,18:34,Hunter
|BJE-718 ERI GUERRERO S.|,2023-01-26 18:12:57,-5.19221,-80.6367,"OTTO TONSMAN,PIURA,PIURA",BJE-718,False,Piura,2023-01-26,18:12,Hunter
|BKD-890 JHONNY CARRASCO|,2023-01-26 17:56:40,-5.19018,-80.6448,"GIRON VILLAR,PIURA,PIURA",BKD-890,False,Piura,2023-01-26,17:56,Hunter
|BKD-900 RICHARD ARRIETA|,2023-01-26 18:05:17,-11.4129,-75.6843,"PE-22B,TARMA,JUNIN",BKD-900,False,Junin,2023-01-26,18:05,Hunter
|BKE-892 JHONY BAUTISTA|,2023-01-26 18:11:23,-7.1381,-79.4652,"PANAMERICANA NORTE,CHEPEN,LA LIBERTAD",BKE-892,False,La Libertad,2023-01-26,18:11,Hunter
|BKE-902 BRYAN CONTRERAS|,2023-01-26 18:15:16,-8.12468,-79.0393,"AVENIDA VICTOR LARCO HERRERA,VICTOR LARCO HERRERA,LA LIBERTAD",BKE-902,False,La Libertad,2023-01-26,18:15,Hunter
|BKE-932 MIRKO VILELA|,2023-01-26 18:26:37,-5.2859,-78.8057,"(-5.2858,-78.8056),SAN IGNACIO,CAJAMARCA",BKE-932,False,Cajamarca,2023-01-26,18:26,Hunter
"|BKF-742 NUÑEZ, JAVIER|",2023-01-26 18:32:41,-14.0692,-75.7457,"CAMINO A LA VICTORIA,ICA,ICA",BKF-742,False,Ica,2023-01-26,18:32,Hunter
|BKF-836 GILMER TIRADO|,2023-01-26 18:35:20,-9.11584,-78.5413,"AVENIDA VICTOR RAUL HAYA DE LA TORRE,NUEVO CHIMBOTE,ANCASH",BKF-836,False,Ancash,2023-01-26,18:35,Hunter
|BKJ-770 JUAN FLORES|,2023-01-26 05:46:20,-12.1774,-77.0029,"JIRON PERSEO,CHORRILLOS,LIMA",BKJ-770,False,Lima,2023-01-26,05:46,Hunter
|BKJ-905 MONTENEGRO RODRIGUEZ EDWIN|,2023-01-26 17:57:25,-8.12463,-79.0394,"AVENIDA VICTOR LARCO HERRERA,VICTOR LARCO HERRERA,LA LIBERTAD",BKJ-905,False,La Libertad,2023-01-26,17:57,Hunter
|BKJ-912 CESAR CUCHO|,2023-01-26 18:36:52,-14.041,-75.7144,"(-14.0409,-75.7144),PARCONA,ICA",BKJ-912,False,Ica,2023-01-26,18:36,Hunter
|BLR-943 SEGUNDO COLUNCHE|,2023-01-26 18:25:18,-6.64041,-79.7888,"NICANOR CARMONA,FERRENAFE,FERRENAFE,LAMBAYEQUE",BLR-943,False,Lambayeque,2023-01-26,18:25,Hunter
|CAO-651 GARCIA PAREDES JORGE LUIS|,2023-01-26 18:05:29,-12.097,-76.9245,"JIRON OMEGA,LA MOLINA,LIMA",CAO-651,False,Lima,2023-01-26,18:05,Hunter
15S4CCNGN1100143,2023-01-26 17:38:09,-12.0195,-77.1061,"AVENIDA ELMER FAUCETT,CALLAO,CALLAO",,False,Lima,2023-01-26,17:38,Hunter
BDN-864 [PAMELA LARRAURI - LIMA],2023-01-26 17:21:27,-12.1026,-76.9704,"AVENIDA LA ENCALADA,SANTIAGO DE SURCO,LIMA",BDN-864,False,Lima,2023-01-26,17:21,Hunter
BDN-865 [FAM H01],2023-01-26 17:52:40,-10.5278,-76.1805,"LONGITUDINAL DE LA SIERRA NORTE,PASCO,PASCO",BDN-865,False,Pasco,2023-01-26,17:52,Hunter
BDN-910 [GERMAN LUYO  - CAÑETE],2023-01-26 18:29:58,-13.4082,-76.1554,"(-13.4081,-76.1554),CHINCHA,ICA",BDN-910,False,Ica,2023-01-26,18:29,Hunter
BDN-931 [JUAN VALDEZ - NORTE CHICO],2023-01-26 18:22:45,-11.4928,-77.2019,"ANDRES DE LOS REYES,HUARAL,HUARAL,LIMA",BDN-931,False,Lima,2023-01-26,18:22,Hunter
BDO-789 [JULIAN RAMOS - PIURA],2023-01-09 18:42:04,-5.18519,-80.6438,"PE-02,PIURA,PIURA",BDO-789,False,Piura,2023-01-09,18:42,Hunter
BDO-879 [FAM H02],2023-01-26 18:22:47,-11.6409,-76.2315,"(-11.6409,-76.2315),HUAROCHIRI,LIMA",BDO-879,False,Lima,2023-01-26,18:22,Hunter
BDO-880 [ERNESTO ALVARADO- JUNIN],2023-01-26 18:25:55,-11.9949,-75.3319,"(-11.9949,-75.3318),ORCOTUNA,JUNIN",BDO-880,False,Junin,2023-01-26,18:25,Hunter
BEB-803,2023-01-26 18:10:52,-13.0765,-75.9899,"TAMBILLA, CHAVÍN, CHINCHA, ICA, PERU",BEB-803,False,Lima,2023-01-26,18:10,Hunter
BEB-806,2021-08-05 20:04:15,-13.079,-75.9921,"CHAVÍN, CHINCHA, ICA, PERU",BEB-806,False,Lima,2021-08-05,20:04,Hunter
BEB-819,2023-01-26 18:04:30,-13.086,-75.9946,"TAMBILLA, CHAVÍN, CHINCHA, ICA, PERU",BEB-819,False,Lima,2023-01-26,18:04,Hunter
BEB-824,2023-01-26 18:10:03,-13.0766,-75.99,"TAMBILLA, CHAVÍN, CHINCHA, ICA, PERU",BEB-824,False,Lima,2023-01-26,18:10,Hunter
BEB-832,2023-01-26 18:22:19,-13.0766,-75.9899,"TAMBILLA, CHAVÍN, CHINCHA, ICA, PERU",BEB-832,False,Lima,2023-01-26,18:22,Hunter
BEB-833,2023-01-26 18:32:42,-13.0765,-75.9899,"TAMBILLA, CHAVÍN, CHINCHA, ICA, PERU",BEB-833,False,Lima,2023-01-26,18:32,Hunter
BEB-835,2023-01-26 18:19:56,-13.0769,-75.9901,"TAMBILLA, CHAVÍN, CHINCHA, ICA, PERU",BEB-835,False,Lima,2023-01-26,18:19,Hunter
BEB-841,2023-01-26 17:58:20,-13.0769,-75.9902,"TAMBILLA, CHAVÍN, CHINCHA, ICA, PERU",BEB-841,False,Lima,2023-01-26,17:58,Hunter
BEB-843,2023-01-26 18:12:56,-13.0797,-75.994,"TAMBILLA, CHAVÍN, CHINCHA, ICA, PERU",BEB-843,False,Lima,2023-01-26,18:12,Hunter
BEB-844,2023-01-25 19:46:21,-13.0786,-75.9925,"(-13.0786,-75.9924),CHAVIN,ICA",BEB-844,False,Lima,2023-01-25,19:46,Hunter
BEB-845,2023-01-26 18:32:32,-13.0794,-75.9937,"TAMBILLA, CHAVÍN, CHINCHA, ICA, PERU",BEB-845,False,Lima,2023-01-26,18:32,Hunter
BEB-846,2023-01-26 18:32:06,-13.0772,-75.9915,"TAMBILLA, CHAVÍN, CHINCHA, ICA, PERU",BEB-846,False,Lima,2023-01-26,18:32,Hunter
BEB-857,2023-01-26 18:35:48,-13.0866,-75.9945,"TAMBILLA, CHAVÍN, CHINCHA, ICA, PERU",BEB-857,False,Lima,2023-01-26,18:35,Hunter
BEB-858,2023-01-26 17:59:59,-13.0766,-75.9901,"TAMBILLA, CHAVÍN, CHINCHA, ICA, PERU",BEB-858,False,Lima,2023-01-26,17:59,Hunter
BEB-859,2023-01-26 18:11:38,-13.0768,-75.9916,"TAMBILLA, CHAVÍN, CHINCHA, ICA, PERU",BEB-859,False,Lima,2023-01-26,18:11,Hunter
BEB-860,2023-01-26 18:16:20,-13.0767,-75.9901,"TAMBILLA, CHAVÍN, CHINCHA, ICA, PERU",BEB-860,False,Lima,2023-01-26,18:16,Hunter
BEB-867,2023-01-26 17:21:00,-12.0717,-76.9546,"LAS OROPENDOLAS,LA MOLINA,LIMA",BEB-867,True,Lima,2023-01-26,17:21,Hunter
BEB-868,2023-01-26 18:16:54,-13.0797,-75.9941,"TAMBILLA, CHAVÍN, CHINCHA, ICA, PERU",BEB-868,False,Lima,2023-01-26,18:16,Hunter
BEB-869,2023-01-26 18:35:22,-13.0768,-75.9911,0 / 0,BEB-869,False,Lima,2023-01-26,18:35,Hunter
BEB-872,2023-01-26 18:32:00,-13.0767,-75.9913,0 / 0,BEB-872,False,Lima,2023-01-26,18:32,Hunter
BEB-876,2023-01-26 17:58:53,-13.0768,-75.9901,"TAMBILLA, CHAVÍN, CHINCHA, ICA, PERU",BEB-876,False,Lima,2023-01-26,17:58,Hunter
BEB-878,2023-01-26 18:27:31,-13.0765,-75.9899,"TAMBILLA, CHAVÍN, CHINCHA, ICA, PERU",BEB-878,False,Lima,2023-01-26,18:27,Hunter
BEB-883,2023-01-26 18:33:52,-13.0796,-75.9938,"TAMBILLA, CHAVÍN, CHINCHA, ICA, PERU",BEB-883,False,Lima,2023-01-26,18:33,Hunter
BEB-888,2023-01-26 18:07:00,-13.0774,-75.9921,"(-13.0773,-75.9920),CHAVIN,ICA",BEB-888,False,Lima,2023-01-26,18:07,Hunter
BEB-891,2023-01-26 18:13:18,-13.087,-75.9937,"TAMBILLA, CHAVÍN, CHINCHA, ICA, PERU",BEB-891,False,Lima,2023-01-26,18:13,Hunter
BEB-892,2023-01-26 18:12:44,-13.0776,-75.9919,0 / 0,BEB-892,False,Lima,2023-01-26,18:12,Hunter
BEB-893,2023-01-26 18:24:47,-13.0797,-75.994,"TAMBILLA, CHAVÍN, CHINCHA, ICA, PERU",BEB-893,False,Lima,2023-01-26,18:24,Hunter
BEB-925,2023-01-26 17:48:49,-13.0767,-75.9912,"TAMBILLA, CHAVÍN, CHINCHA, ICA, PERU",BEB-925,False,Lima,2023-01-26,17:48,Hunter
BEB-931,2023-01-26 18:37:04,-13.0794,-75.9937,"TAMBILLA, CHAVÍN, CHINCHA, ICA, PERU",BEB-931,False,Lima,2023-01-26,18:37,Hunter
BEB-934,2023-01-26 17:41:59,-13.0768,-75.9917,"TAMBILLA, CHAVÍN, CHINCHA, ICA, PERU",BEB-934,False,Lima,2023-01-26,17:41,Hunter
BEB-938,2023-01-26 18:15:28,-13.0767,-75.9901,"TAMBILLA, CHAVÍN, CHINCHA, ICA, PERU",BEB-938,False,Lima,2023-01-26,18:15,Hunter
BEB-939,2023-01-26 15:36:55,-13.0743,-75.987,"TAMBILLA, CHAVÍN, CHINCHA, ICA, PERU",BEB-939,False,Lima,2023-01-26,15:36,Hunter
BEB-940,2023-01-26 18:29:32,-13.0798,-75.9942,"TAMBILLA, CHAVÍN, CHINCHA, ICA, PERU",BEB-940,False,Lima,2023-01-26,18:29,Hunter
BEB-941,2023-01-26 17:42:10,-13.0769,-75.9902,"TAMBILLA, CHAVÍN, CHINCHA, ICA, PERU",BEB-941,False,Lima,2023-01-26,17:42,Hunter
BEC-776,2023-01-26 18:33:16,-13.0771,-75.9919,"TAMBILLA, CHAVÍN, CHINCHA, ICA, PERU",BEC-776,False,Lima,2023-01-26,18:33,Hunter
BEC-777,2023-01-26 18:30:41,-13.0788,-75.992,"TAMBILLA, CHAVÍN, CHINCHA, ICA, PERU",BEC-777,False,Lima,2023-01-26,18:30,Hunter
BEC-778,2023-01-26 18:31:19,-13.0765,-75.9898,"TAMBILLA, CHAVÍN, CHINCHA, ICA, PERU",BEC-778,False,Lima,2023-01-26,18:31,Hunter
BEC-821,2023-01-26 18:36:01,-13.087,-75.9937,"TAMBILLA, CHAVÍN, CHINCHA, ICA, PERU",BEC-821,False,Lima,2023-01-26,18:36,Hunter
BEC-822,2023-01-26 18:24:43,-13.077,-75.9901,"TAMBILLA, CHAVÍN, CHINCHA, ICA, PERU",BEC-822,False,Lima,2023-01-26,18:24,Hunter
BEC-823,2022-12-18 15:00:15,-13.0797,-75.994,"TAMBILLA, CHAVÍN, CHINCHA, ICA, PERU",BEC-823,False,Lima,2022-12-18,15:00,Hunter
BEC-830,2023-01-26 18:26:47,-13.077,-75.9902,"TAMBILLA, CHAVÍN, CHINCHA, ICA, PERU",BEC-830,False,Lima,2023-01-26,18:26,Hunter
BEC-846,2023-01-26 18:06:27,-13.0768,-75.9901,"TAMBILLA, CHAVÍN, CHINCHA, ICA, PERU",BEC-846,False,Lima,2023-01-26,18:06,Hunter
BEC-847,2023-01-26 18:06:08,-13.0769,-75.9916,"TAMBILLA, CHAVÍN, CHINCHA, ICA, PERU",BEC-847,False,Lima,2023-01-26,18:06,Hunter
BEC-864,2023-01-26 12:51:29,-13.079,-75.9921,"TAMBILLA, CHAVÍN, CHINCHA, ICA, PERU",BEC-864,False,Lima,2023-01-26,12:51,Hunter
BEC-871,2021-08-05 19:07:03,-13.079,-75.9921,"CHAVÍN, CHINCHA, ICA, PERU",BEC-871,False,Lima,2021-08-05,19:07,Hunter
BEC-874,2023-01-26 18:25:33,-13.0766,-75.9901,"TAMBILLA, CHAVÍN, CHINCHA, ICA, PERU",BEC-874,False,Lima,2023-01-26,18:25,Hunter
BEC-875,2023-01-26 18:23:11,-13.087,-75.9937,"TAMBILLA, CHAVÍN, CHINCHA, ICA, PERU",BEC-875,False,Lima,2023-01-26,18:23,Hunter
BEC-923,2023-01-26 18:17:42,-13.0862,-75.9947,"TAMBILLA, CHAVÍN, CHINCHA, ICA, PERU",BEC-923,False,Lima,2023-01-26,18:17,Hunter
BEC-924,2023-01-26 18:06:27,-13.0768,-75.9917,"TAMBILLA, CHAVÍN, CHINCHA, ICA, PERU",BEC-924,False,Lima,2023-01-26,18:06,Hunter
BED-867,2023-01-26 18:29:48,-13.0791,-75.9931,"CHAVÍN, CHINCHA, ICA, PERU",BED-867,False,Lima,2023-01-26,18:29,Hunter
BED-868,2023-01-26 17:57:11,-13.0763,-75.9918,"TAMBILLA, CHAVÍN, CHINCHA, ICA, PERU",BED-868,False,Lima,2023-01-26,17:57,Hunter
BED-869,2023-01-26 18:36:55,-13.0794,-75.9937,0 / 0,BED-869,False,Lima,2023-01-26,18:36,Hunter
BEP-783 [JULIAN RAMOS - PIURA],2023-01-26 18:36:24,-5.07937,-80.6688,"PI-519,PIURA,PIURA",BEP-783,False,Piura,2023-01-26,18:36,Hunter
BEP-786 [CARLOS JIMENEZ -ICA],2023-01-26 17:44:23,-14.073,-75.7272,"AVENIDA BOLIVAR,ICA,ICA",BEP-786,False,Ica,2023-01-26,17:44,Hunter
BEQ-780 [MBR SAN MARTIN H01],2021-02-26 06:43:52,-12.2483,-76.9327,"CALLE LOS PINOS,VILLA EL SALVADOR,VILLA EL SALVADOR",BEQ-780,False,Lima,2021-02-26,06:43,Hunter
BER-702 [ARENAS JULIAN- JUNIN],2023-01-26 18:37:03,-11.0512,-75.3216,"AVENIDA FRAY JERONIMO JIMENEZ,CHANCHAMAYO,JUNIN",BER-702,False,Junin,2023-01-26,18:37,Hunter
BER-731 [CRISTHIAN HERNANDEZ - CLIENTE ICA],2023-01-26 18:30:53,-14.0414,-75.7408,"AVENIDA JUAN JOSE SALAS,ICA,ICA",BER-731,False,Ica,2023-01-26,18:30,Hunter
BEV-876,2023-01-26 18:34:12,-13.0797,-75.9939,"(-13.0797,-75.9939),CHAVIN,ICA",BEV-876,False,Lima,2023-01-26,18:34,Hunter
BFF-703  [MBR PROCAMPO F01 CESAR GONZAGA],2023-01-26 18:21:50,-11.1081,-77.6071,"AVENIDA MIGUEL GRAU,HUACHO,LIMA",BFF-703,False,Lima,2023-01-26,18:21,Hunter
BFF-706  [MBR PROCAMPO F02 VICTOR ROJAS],2023-01-26 18:36:41,-9.94984,-76.2512,"(-9.9498,-76.2511),PILLCO MARCA,HUANUCO",BFF-706,False,Huanuco,2023-01-26,18:36,Hunter
BFF-717  [MBR PROCAMPO F03 JOSÉ MARIN],2023-01-26 17:44:49,-11.4934,-77.2025,"CALLE DERECHA,HUARAL,HUARAL,LIMA",BFF-717,False,Lima,2023-01-26,17:44,Hunter
BFG-898 [MBR PROCAMPO F04 FREDDY CUTIPA],2023-01-26 18:36:57,-16.4011,-71.5307,"OCTAVIO MUNOZ NAJAR,AREQUIPA,AREQUIPA",BFG-898,False,Arequipa,2023-01-26,18:36,Hunter
BFG-899 [MBR PROCAMPO F05 JOSE L CARRILLO],2023-01-26 18:09:19,-11.1176,-77.6057,"PASAJE MARIN,HUACHO,LIMA",BFG-899,False,Lima,2023-01-26,18:09,Hunter
BFH-859 [MBR PROCAMPO F06 KATYA MALDONADO],2023-01-26 18:02:31,-5.20096,-80.6413,"CALLE LIMA,PIURA,PIURA",BFH-859,False,Piura,2023-01-26,18:02,Hunter
BFH-860 [MBR PROCAMPO F07 DILMER ESCOBEDO],2023-01-26 18:06:21,-16.3546,-72.279,"AR-736,MAJES,AREQUIPA",BFH-860,False,Arequipa,2023-01-26,18:06,Hunter
BFI-943 [J FIDEL DIOS - PIURA],2023-01-26 18:30:35,-5.19374,-80.6444,"JIRON 5,26 DE OCTUBRE,PIURA",BFI-943,False,Piura,2023-01-26,18:30,Hunter
BFJ-930 [JORGE POMACHARI - CHICLAYO],2023-01-26 18:36:03,-6.63882,-79.7879,"CALLE UNION,FERRENAFE,FERRENAFE,LAMBAYEQUE",BFJ-930,False,Lambayeque,2023-01-26,18:36,Hunter
BFL-787 [MARTIN FLORES - PISCO],2023-01-26 17:51:19,-13.4231,-76.1302,"AVENIDA LUIS MASARO,CHINCHA ALTA,ICA",BFL-787,False,Ica,2023-01-26,17:51,Hunter
BHQ-906 [JAVIER RUIZ -ICA],2023-01-26 18:25:29,-14.0253,-75.7485,"(-14.0253,-75.7484),SUBTANJALLA,ICA",BHQ-906,False,Ica,2023-01-26,18:25,Hunter
BHR-741 [ALEJANDRO SOLDEVILLA-CHIMBOTE],2023-01-26 18:34:52,-9.11912,-78.5278,"(-9.1191,-78.5278),NUEVO CHIMBOTE,ANCASH",BHR-741,False,Ancash,2023-01-26,18:34,Hunter
BHR-908,2023-01-26 18:14:25,-13.0795,-75.9927,"(-13.0794,-75.9927),CHAVIN,ICA",BHR-908,False,Lima,2023-01-26,18:14,Hunter
BHS-723 [MAYCOL ORTIZ - CHICLAYO],2023-01-26 17:39:26,-6.79482,-79.8637,"(-6.7948,-79.8637),CHICLAYO,LAMBAYEQUE",BHS-723,False,Lambayeque,2023-01-26,17:39,Hunter
BHS-726,2023-01-26 17:58:42,-13.0772,-75.9904,"(-13.0772,-75.9903),CHAVIN,ICA",BHS-726,False,Lima,2023-01-26,17:58,Hunter
BHS-727 [SANTIAGO MUCHA  - AQP],2023-01-26 17:24:00,-16.3546,-71.567,"AVIACION,CERRO COLORADO,AREQUIPA",BHS-727,False,Arequipa,2023-01-26,17:24,Hunter
BHS-736 [JOSE GUERRERO-NVA CAJAMARCA],2023-01-26 18:36:48,-5.75506,-78.4439,"AVENIDA CHACHAPOYAS,BAGUA GRANDE,AMAZONAS",BHS-736,False,Amazonas,2023-01-26,18:36,Hunter
BHT-733 [YELTSIN -TARAPOTO],2023-01-26 18:21:05,-14.0112,-75.7389,"(-14.0111,-75.7388),ICA,ICA",BHT-733,False,Ica,2023-01-26,18:21,Hunter
BHT-763 [GUSTAVO MAYANGA - CHICLAYO],2023-01-26 18:36:19,-6.79517,-79.8641,"(-6.7951,-79.8641),CHICLAYO,LAMBAYEQUE",BHT-763,False,Lambayeque,2023-01-26,18:36,Hunter
BHT-829,2023-01-26 17:23:11,-12.072,-76.9536,"LOS JILGEROS,LA MOLINA,LIMA",BHT-829,True,Lima,2023-01-26,17:23,Hunter
BHT-861 [JIMY TAVARA- GRTE AGROINDUSTRIA],2023-01-26 18:12:40,-6.79563,-79.8643,"(-6.7956,-79.8642),CHICLAYO,LAMBAYEQUE",BHT-861,False,Lambayeque,2023-01-26,18:12,Hunter
BHU-726,2023-01-26 17:20:59,-12.0719,-76.9544,"LAS OROPENDOLAS,LA MOLINA,LIMA",BHU-726,True,Lima,2023-01-26,17:20,Hunter
BHU-809 [LENNO PARIAS - ZONA CHICLAYO ],2023-01-26 18:37:11,-6.7691,-79.8398,"CALLE LEONCIO PRADO,CHICLAYO,LAMBAYEQUE",BHU-809,False,Lambayeque,2023-01-26,18:37,Hunter
BHU-818,2022-10-13 21:32:18,-13.0785,-75.9925,"(-13.0785,-75.9925),CHAVIN,ICA",BHU-818,False,Lima,2022-10-13,21:32,Hunter
BHU-831,2023-01-26 17:41:30,-13.079,-75.9899,"(-13.0789,-75.9899),CHAVIN,ICA",BHU-831,False,Lima,2023-01-26,17:41,Hunter
BHU-840,2022-10-27 10:59:02,-12.0553,-76.9559,"JORGE GALVEZ,ATE,LIMA",BHU-840,False,Lima,2022-10-27,10:59,Hunter
BHU-938,2023-01-26 17:26:52,-12.0717,-76.9546,"LAS OROPENDOLAS,LA MOLINA,LIMA",BHU-938,True,Lima,2023-01-26,17:26,Hunter
BHV-722,2023-01-26 18:30:40,-12.072,-76.9547,"LAS OROPENDOLAS,LA MOLINA,LIMA",BHV-722,True,Lima,2023-01-26,18:30,Hunter
BHZ-895,2023-01-26 18:15:50,-13.0792,-75.99,"(-13.0791,-75.9900),CHAVIN,ICA",BHZ-895,False,Lima,2023-01-26,18:15,Hunter
BJD-803 [COSAPI ICA H01],2023-01-25 17:06:23,-14.5027,-75.6034,"(-14.5026,-75.603),ICA,ICA",BJD-803,False,Ica,2023-01-25,17:06,Hunter
BJD-840,2022-11-14 14:27:14,-13.0796,-75.9939,"(-13.079,-75.9938),CHAVIN,ICA",BJD-840,False,Lima,2022-11-14,14:27,Hunter
BJE-878 [COSAPI ICA H02],2023-01-26 18:06:14,-12.0551,-76.9558,"ACERO,ATE,LIMA",BJE-878,False,Lima,2023-01-26,18:06,Hunter
BKD-744,2023-01-26 18:24:34,-10.6097,-76.2103,"PA-559, SAN JUAN DE MILPO, SAN FRANCISCO DE ASÍS DE YARUSYACÁN, PASCO, PERU",BKD-744,False,Pasco,2023-01-26,18:24,Hunter
BKD-745,2023-01-26 18:33:45,-10.6083,-76.2108,0 / 0,BKD-745,False,Pasco,2023-01-26,18:33,Hunter
BKD-746,2023-01-26 18:33:09,-10.6083,-76.2101,"PA-559, SAN JUAN DE MILPO, SAN FRANCISCO DE ASÍS DE YARUSYACÁN, PASCO, PERU",BKD-746,False,Pasco,2023-01-26,18:33,Hunter
BKD-761,2023-01-26 18:32:15,-10.5797,-76.2204,"SAN JUAN DE MILPO, SAN FRANCISCO DE ASÍS DE YARUSYACÁN, PASCO, PERU",BKD-761,False,Pasco,2023-01-26,18:32,Hunter
BKD-889,2023-01-26 17:48:57,-10.6103,-76.2101,"PA-559, SAN JUAN DE MILPO, SAN FRANCISCO DE ASÍS DE YARUSYACÁN, PASCO, PERU",BKD-889,False,Pasco,2023-01-26,17:48,Hunter
BKD-893 [AT],2023-01-26 18:17:33,-10.5767,-76.1908,"PA-559, YANAPAMPA, YANACANCHA, PASCO, PERU",BKD-893,False,Pasco,2023-01-26,18:17,Hunter
BKD-939,2023-01-26 17:58:37,-10.6094,-76.2097,"SAN JUAN DE MILPO, SAN FRANCISCO DE ASÍS DE YARUSYACÁN, PASCO, PERU",BKD-939,False,Pasco,2023-01-26,17:58,Hunter
BKE-792,2023-01-26 18:21:55,-10.6093,-76.2097,"SAN JUAN DE MILPO, SAN FRANCISCO DE ASÍS DE YARUSYACÁN, PASCO, PERU",BKE-792,False,Pasco,2023-01-26,18:21,Hunter
BKE-795,2022-10-18 15:19:34,-10.6085,-76.21,"PA-559, SAN JUAN DE MILPO, SAN FRANCISCO DE ASÍS DE YARUSYACÁN, PASCO, PERU",BKE-795,False,Pasco,2022-10-18,15:19,Hunter
BKE-796,2023-01-26 17:52:46,-10.6083,-76.2107,"PA-559, SAN JUAN DE MILPO, SAN FRANCISCO DE ASÍS DE YARUSYACÁN, PASCO, PERU",BKE-796,False,Pasco,2023-01-26,17:52,Hunter
BKE-849,2023-01-26 17:50:18,-10.6121,-76.21,"SAN JUAN DE MILPO, SAN FRANCISCO DE ASÍS DE YARUSYACÁN, PASCO, PERU",BKE-849,False,Pasco,2023-01-26,17:50,Hunter
BKF-831 [CRISTIAN MONTENEGRO-CHICLAYO],2023-01-26 17:58:26,-6.82148,-79.9084,"AVENIDA PIMENTEL,CHICLAYO,LAMBAYEQUE",BKF-831,False,Lambayeque,2023-01-26,17:58,Hunter
BKF-935 [RENE FLORIAN - AQP],2023-01-26 18:36:35,-16.4932,-71.8454,"PANAMERICANA SUR,LA JOYA,AREQUIPA",BKF-935,False,Arequipa,2023-01-26,18:36,Hunter
BKI-922,2023-01-26 18:08:24,-14.0852,-75.7423,"(-14.0852,-75.7422),ICA,ICA",BKI-922,False,Ica,2023-01-26,18:08,Hunter
BKN-826,2023-01-26 18:04:05,-10.7445,-77.753,"JIRON LAURIAMA,BARRANCA,LIMA",BKN-826,False,Lima,2023-01-26,18:04,Hunter
BKN-845,2023-01-26 18:02:48,-17.9985,-70.2443,"CARLOS ARMANDO LAURA,TACNA,TACNA",BKN-845,False,Tacna,2023-01-26,18:02,Hunter
BKN-897,2023-01-26 18:26:55,-10.6877,-77.6807,"PE-16A,PATIVILCA,LIMA",BKN-897,False,Lima,2023-01-26,18:26,Hunter
BKN-922,2023-01-26 18:20:44,-11.0653,-77.595,"(-11.0653,-77.5949),HUAURA,LIMA",BKN-922,False,Lima,2023-01-26,18:20,Hunter
BKO-733,2023-01-26 18:36:53,-16.5135,-71.6314,"CARRETERA CERRO VERDE,UCHUMAYO,AREQUIPA",BKO-733,False,Arequipa,2023-01-26,18:36,Hunter
BKO-736,2023-01-26 18:33:46,-9.41296,-78.1933,"(-9.4129,-78.1932),BUENA VISTA ALTA,ANCASH",BKO-736,False,Ancash,2023-01-26,18:33,Hunter
BKO-737,2023-01-26 17:59:01,-8.41549,-78.7563,"AVENIDA VIRU,VIRU,LA LIBERTAD",BKO-737,False,La Libertad,2023-01-26,17:59,Hunter
BKO-835,2023-01-26 17:39:19,-9.07234,-78.5927,"JIRON ALFONSO UGARTE,JIRON LOS ANDES,CHIMBOTE,ANCASH",BKO-835,False,Ancash,2023-01-26,17:39,Hunter
BKO-854,2023-01-26 17:37:30,-11.4937,-77.2032,"CALLE DERECHA,HUARAL,HUARAL,LIMA",BKO-854,False,Lima,2023-01-26,17:37,Hunter
BKO-946,2023-01-26 18:31:05,-16.3609,-72.1905,"AVENIDA CAYLLOMA,MAJES,AREQUIPA",BKO-946,False,Arequipa,2023-01-26,18:31,Hunter
BKX-768 [LAP-TI-01],2023-01-26 18:03:12,-12.0234,-77.1085,"(-12.0234,-77.1084),CALLAO,CALLAO",BKX-768,False,Lima,2023-01-26,18:03,Hunter
BKX-779 [LAP-CCO-02],2023-01-26 18:35:58,-12.0232,-77.1083,"(-12.0232,-77.1082),CALLAO,CALLAO",BKX-779,False,Lima,2023-01-26,18:35,Hunter
BKX-822 [LAP-CCO-01],2023-01-26 17:58:39,-12.0715,-76.9537,"LOS JILGEROS,LA MOLINA,LIMA",BKX-822,True,Lima,2023-01-26,17:58,Hunter
BKY-777 [LAP-CCO-07],2023-01-26 18:37:01,-12.0223,-77.1108,"(-12.0223,-77.1107),CALLAO,CALLAO",BKY-777,False,Lima,2023-01-26,18:37,Hunter
BKY-784 [LAP-CCO-03],2023-01-26 18:35:53,-12.0329,-77.1063,"CALLE CORONGO,CALLAO,CALLAO",BKY-784,False,Lima,2023-01-26,18:35,Hunter
BKY-797 [LAP-CCO-01],2023-01-26 18:36:57,-12.0211,-77.1109,"(-12.0211,-77.1109),CALLAO,CALLAO",BKY-797,False,Lima,2023-01-26,18:36,Hunter
BKY-863 [LAP-MTTO-02],2023-01-26 17:55:28,-12.0226,-77.1092,"(-12.0226,-77.1091),CALLAO,CALLAO",BKY-863,False,Lima,2023-01-26,17:55,Hunter
BKY-912 [LAP-MTTO-04],2023-01-26 18:17:07,-12.0233,-77.1082,"(-12.0232,-77.1082),CALLAO,CALLAO",BKY-912,False,Lima,2023-01-26,18:17,Hunter
BLJ-896 [COSAPI ICA H04],2022-10-07 22:44:24,-14.5347,-75.6592,"IC-108,ICA,ICA",BLJ-896,False,Ica,2022-10-07,22:44,Hunter
BLK-913,2023-01-26 17:58:59,-13.086,-75.9945,"TAMBILLA, CHAVÍN, CHINCHA, ICA, PERU",BLK-913,False,Lima,2023-01-26,17:58,Hunter
BLK-936 [LAP-MTTO-03],2023-01-26 17:50:03,-12.0226,-77.109,"(-12.0225,-77.1090),CALLAO,CALLAO",BLK-936,False,Lima,2023-01-26,17:50,Hunter
BLL-732,2023-01-26 18:18:24,-13.0766,-75.9899,"TAMBILLA, CHAVÍN, CHINCHA, ICA, PERU",BLL-732,False,Lima,2023-01-26,18:18,Hunter
BLL-819 [LAP-PAV-01],2023-01-26 18:25:58,-12.0226,-77.1093,"(-12.0226,-77.1092),CALLAO,CALLAO",BLL-819,False,Lima,2023-01-26,18:25,Hunter
BLL-921 [LAP-CCO-05],2023-01-26 18:29:50,-12.0159,-77.1132,"VIA PRIVADA A AREOPUETO,CALLAO,CALLAO",BLL-921,False,Lima,2023-01-26,18:29,Hunter
BLN-706 [COSAPI ICA H05],2023-01-26 17:54:00,-8.09404,-78.9997,"AVENIDA CAMINO REAL,TRUJILLO,LA LIBERTAD",BLN-706,False,La Libertad,2023-01-26,17:54,Hunter
BLR-782 [COSAPI ICA H06],2023-01-26 18:32:54,-14.3415,-75.686,"IC-108,ICA,ICA",BLR-782,False,Ica,2023-01-26,18:32,Hunter
BLR-874 [COSAPI ICA H07],2023-01-26 18:35:17,-12.0723,-76.9542,"(-12.0723,-76.9542),LA MOLINA,LIMA",BLR-874,True,Lima,2023-01-26,18:35,Hunter
BLS-905 [COSAPI ICA H08],2023-01-25 16:48:34,-14.5271,-75.6588,"IC-108,ICA,ICA",BLS-905,False,Ica,2023-01-25,16:48,Hunter
BLU-744 [LAP-RETEN],2023-01-26 18:13:35,-12.0219,-77.1088,"(-12.0219,-77.1088),CALLAO,CALLAO",BLU-744,False,Lima,2023-01-26,18:13,Hunter
BLU-889,2023-01-26 17:39:41,-5.16796,-80.6554,"AVENIDA LOS ALGARROBOS,26 DE OCTUBRE,PIURA",BLU-889,False,Piura,2023-01-26,17:39,Hunter
BLV-785,2023-01-26 18:23:51,-8.0697,-79.0556,"CALLE 25 DE DICIEMBRE,TRUJILLO,LA LIBERTAD",BLV-785,False,La Libertad,2023-01-26,18:23,Hunter
BLX-765,2023-01-26 18:37:10,-13.6019,-74.2337,"PE-30D,MARIA PARADO DE BELLIDO,AYACUCHO",BLX-765,False,Ayacucho,2023-01-26,18:37,Hunter
BLX-766,2023-01-26 18:35:44,-13.44,-71.8687,"CARRETERA CUSCO- PISAC,TARAY,CUSCO",BLX-766,False,Cusco,2023-01-26,18:35,Hunter
BLX-769,2023-01-26 18:31:33,-9.86671,-76.1753,"(-9.8667,-76.1753),HUANUCO",BLX-769,False,Huanuco,2023-01-26,18:31,Hunter
BLX-770,2023-01-26 18:37:08,-12.1552,-76.4357,"LM-793,CUENCA,LIMA",BLX-770,False,Lima,2023-01-26,18:37,Hunter
BLX-829,2023-01-26 18:12:41,-14.2501,-73.0172,"AP-108,SABAINO,APURIMAC",BLX-829,False,Apurimac,2023-01-26,18:12,Hunter
BLX-830,2023-01-26 12:43:40,-12.183,-76.9959,"AVENIDA GUARDIA PERUANA,CHORRILLOS,LIMA",BLX-830,False,Lima,2023-01-26,12:43,Hunter
BLX-831,2023-01-26 13:05:41,-12.1831,-76.9959,"AVENIDA GUARDIA PERUANA,CHORRILLOS,LIMA",BLX-831,False,Lima,2023-01-26,13:05,Hunter
BLX-832,2023-01-26 18:31:07,-12.1829,-76.9958,"AVENIDA GUARDIA PERUANA,CHORRILLOS,LIMA",BLX-832,False,Lima,2023-01-26,18:31,Hunter
BLX-936,2023-01-26 18:36:11,-14.0667,-75.7288,"AVENIDA BOLIVAR,ICA,ICA",BLX-936,False,Ica,2023-01-26,18:36,Hunter
BLX-937,2023-01-26 18:10:38,-12.1276,-76.9868,"AVENIDA ALFREDO BENAVIDES,SANTIAGO DE SURCO,LIMA",BLX-937,False,Lima,2023-01-26,18:10,Hunter
BLX-938,2023-01-26 18:27:20,-11.4954,-77.2044,"(-11.4954,-77.2044),HUARAL,HUARAL,LIMA",BLX-938,False,Lima,2023-01-26,18:27,Hunter
BLX-939,2023-01-26 18:36:54,-9.94686,-76.2427,"(-9.9468,-76.2427),AMARILIS,HUANUCO",BLX-939,False,Huanuco,2023-01-26,18:36,Hunter
BLY-758,2023-01-26 18:20:53,-10.6883,-76.2585,"HUANCAVELICA,CHAUPIMARCA,PASCO",BLY-758,False,Pasco,2023-01-26,18:20,Hunter
BLY-759,2023-01-26 17:52:06,-12.6494,-72.5092,"(-12.6493,-72.5091),QUELLOUNO,CUSCO",BLY-759,False,Cusco,2023-01-26,17:52,Hunter
BLY-761,2023-01-26 18:36:53,-14.0465,-75.7037,"RAUL PORRAS BARRENECHEA,PARCONA,ICA",BLY-761,False,Ica,2023-01-26,18:36,Hunter
BLY-780,2023-01-26 18:37:05,-12.7645,-74.2516,"(-12.7644,-74.2516),HUANTA,AYACUCHO",BLY-780,False,Ayacucho,2023-01-26,18:37,Hunter
BLY-818,2023-01-26 18:35:27,-8.12108,-79.0478,"AVENIDA LOS COLIBRIES,TRUJILLO,LA LIBERTAD",BLY-818,False,La Libertad,2023-01-26,18:35,Hunter
BLY-819,2023-01-24 13:36:55,-12.072,-76.9541,"(-12.0719,-76.9540),LA MOLINA,LIMA",BLY-819,True,Lima,2023-01-24,13:36,Hunter
BLY-820,2023-01-26 18:36:34,-12.868,-72.6903,"JIRON GENERAL GAMARRA,SANTA ANA,CUSCO",BLY-820,False,Cusco,2023-01-26,18:36,Hunter
BLY-821,2023-01-26 18:35:33,-14.4544,-72.0831,"(-14.4544,-72.0830),SANTO TOMAS,CUSCO",BLY-821,False,Cusco,2023-01-26,18:35,Hunter
BLZ-750,2023-01-26 13:02:19,-12.183,-76.9958,"AVENIDA GUARDIA PERUANA,CHORRILLOS,LIMA",BLZ-750,False,Lima,2023-01-26,13:02,Hunter
BLZ-751,2023-01-26 18:36:04,-8.38723,-74.5409,"BELLAVISTA,CORONEL PORTILLO,UCAYALI",BLZ-751,False,Ucayali,2023-01-26,18:36,Hunter
BLZ-752,2023-01-26 18:32:09,-5.21448,-80.6243,"HUAYNA CAPAC,CASTILLA,PIURA",BLZ-752,False,Piura,2023-01-26,18:32,Hunter
BLZ-762 [RADIO+TECNICA],2023-01-26 18:35:45,-15.4971,-70.12,"DANIEL ALCIDES CARRION,JULIACA,PUNO",BLZ-762,False,Puno,2023-01-26,18:35,Hunter
BLZ-797,2023-01-26 18:36:42,-8.8362,-75.1911,"CARRETERA FEDERICO BASADRE,PADRE ABAD,UCAYALI",BLZ-797,False,Ucayali,2023-01-26,18:36,Hunter
BLZ-841,2023-01-26 18:36:44,-16.3757,-71.56,"AVENIDA ALFONSO UGARTE,CERRO COLORADO,AREQUIPA",BLZ-841,False,Arequipa,2023-01-26,18:36,Hunter
BLZ-843,2023-01-26 18:04:06,-12.0551,-76.9558,"ACERO,ATE,LIMA",BLZ-843,False,Lima,2023-01-26,18:04,Hunter
BLZ-908,2023-01-26 18:36:13,-9.03705,-75.5086,"(-9.0370,-75.5086),PADRE ABAD,UCAYALI",BLZ-908,False,Ucayali,2023-01-26,18:36,Hunter
BLZ-909,2023-01-26 12:53:21,-12.183,-76.9958,"AVENIDA GUARDIA PERUANA,CHORRILLOS,LIMA",BLZ-909,False,Lima,2023-01-26,12:53,Hunter
BLZ-910,2023-01-25 20:43:00,-11.939,-76.882,"(-11.9390,-76.8819),SAN ANTONIO,LIMA",BLZ-910,False,Lima,2023-01-25,20:43,Hunter
BME-805 [GERMAN LUYO - CAÑETE],2023-01-26 17:39:52,-13.0514,-76.35,"(-13.0513,-76.3500),IMPERIAL,LIMA",BME-805,False,Lima,2023-01-26,17:39,Hunter
BMN-706,2023-01-26 18:15:03,-12.0716,-76.9534,"LOS JILGEROS,LA MOLINA,LIMA",BMN-706,False,Lima,2023-01-26,18:15,Hunter
BMO-505 [MBR BATTILANA L01],2023-01-26 14:39:25,-12.0589,-77.1211,"LOS TOPACIOS AVENUE, C, BELLAVISTA, CALLAO, PERU",BMO-505,False,Lima,2023-01-26,14:39,Hunter
BMO-899,2023-01-26 18:17:34,-16.3834,-71.5799,"ANTIGUA CARRETERA A LA JOYA,CERRO COLORADO,AREQUIPA",BMO-899,False,Arequipa,2023-01-26,18:17,Hunter
BNG-838,2023-01-26 17:42:01,-12.0285,-77.0319,"AVENIDA SAMUEL ALCAZAR,RIMAC,LIMA",BNG-838,False,Lima,2023-01-26,17:42,Hunter
BNN-907 [JUAN MAYTAHUARI],2023-01-26 18:36:25,-12.1702,-76.9502,"AVENIDA PACHACUTEC,VILLA MARIA DEL TRIUNFO,LIMA",BNN-907,False,Lima,2023-01-26,18:36,Hunter
BNN-909 [WILLIAN JAIMES - HUANUCO],2023-01-26 18:03:00,-9.91746,-76.2373,"JIRON SAN MARTIN,HUANUCO,HUANUCO",BNN-909,False,Huanuco,2023-01-26,18:03,Hunter
BNO-819 [ANTHONY BERNAL - NORTE CHICO],2023-01-26 18:17:07,-11.4931,-77.202,"ANDRES DE LOS REYES,HUARAL,HUARAL,LIMA",BNO-819,False,Lima,2023-01-26,18:17,Hunter
BNO-820 [JEFFERSON M],2023-01-26 18:01:55,-12.1702,-76.9502,"AVENIDA PACHACUTEC,VILLA MARIA DEL TRIUNFO,LIMA",BNO-820,False,Lima,2023-01-26,18:01,Hunter
BNO-899 [MANUEL VASQUEZ ],2023-01-26 18:37:02,-8.10086,-79.0524,"AVENIDA MANSICHE,TRUJILLO,LA LIBERTAD",BNO-899,False,La Libertad,2023-01-26,18:37,Hunter
BNP-720 [ELVIS CONDOR],2023-01-26 18:35:28,-12.074,-76.9742,"AVENIDA VIA DE EVITAMIENTO,SANTIAGO DE SURCO,LIMA",BNP-720,False,Lima,2023-01-26,18:35,Hunter
BNP-729 [EFRAIN CCAPACCA],2023-01-26 18:33:35,-12.1702,-76.9502,"AVENIDA PACHACUTEC,VILLA MARIA DEL TRIUNFO,LIMA",BNP-729,False,Lima,2023-01-26,18:33,Hunter
BNP-826 [CLIENTE CONSORCIO JUNIOR],2023-01-26 17:31:39,-6.76898,-79.8424,"LEONCIO PRADO,CHICLAYO,LAMBAYEQUE",BNP-826,False,Lambayeque,2023-01-26,17:31,Hunter
BNP-827 [GARY PEREZ],2023-01-26 18:36:29,-11.9828,-77.0535,"AVENIDA HUANACAURE,INDEPENDENCIA,LIMA",BNP-827,False,Lima,2023-01-26,18:36,Hunter
BNQ-812 [BILLY  ALVAREZ  - AQP],2023-01-26 18:20:03,-16.3502,-72.1848,"(-16.3501,-72.1847),MAJES,AREQUIPA",BNQ-812,False,Arequipa,2023-01-26,18:20,Hunter
BNR-781 [CARLOS CABRERA],2023-01-26 18:31:46,-8.0961,-79.0279,"AVENIDA AMERICA NORTE,TRUJILLO,LA LIBERTAD",BNR-781,False,La Libertad,2023-01-26,18:31,Hunter
BNR-782 [JOHNNY ESCUDERO],2023-01-26 18:17:09,-12.1702,-76.9503,"EUCALIPTOS,VILLA MARIA DEL TRIUNFO,LIMA",BNR-782,False,Lima,2023-01-26,18:17,Hunter
BNV-784,2023-01-26 17:41:38,-12.1815,-77.0007,"ONTARIO,CHORRILLOS,LIMA",BNV-784,False,Lima,2023-01-26,17:41,Hunter
BNV-830,2023-01-26 18:34:44,-12.1813,-77.0006,"ONTARIO,CHORRILLOS,LIMA",BNV-830,False,Lima,2023-01-26,18:34,Hunter
BNW-703,2023-01-26 17:54:27,-13.0767,-75.9899,"(-13.0766,-75.9899),CHAVIN,ICA",BNW-703,False,Lima,2023-01-26,17:54,Hunter
BNW-875,2023-01-26 18:35:50,-5.79409,-80.5416,"PANAMERICANA NORTE,CRISTO NOS VALGA,PIURA",BNW-875,False,Piura,2023-01-26,18:35,Hunter
BNY-888,2023-01-26 17:53:18,-12.1532,-77.0088,"BELISARIO SUAREZ,SANTIAGO DE SURCO,LIMA",BNY-888,False,Lima,2023-01-26,17:53,Hunter
BNZ-892,2023-01-26 18:36:54,-12.1174,-77.009,"AVENIDA DE TOMAS MARSANO,MIRAFLORES,LIMA",BNZ-892,False,Lima,2023-01-26,18:36,Hunter
BPD-905,2023-01-26 18:35:40,-9.06685,-78.5861,"JIRON LIBERTAD,JIRON LOS ANDES,CHIMBOTE,ANCASH",BPD-905,False,Ancash,2023-01-26,18:35,Hunter
BPE-877,2023-01-26 18:17:42,-8.04011,-77.4454,"MINAS LASTENIA, PARCOY, PATAZ, LA LIBERTAD, PERU",BPE-877,False,La Libertad,2023-01-26,18:17,Hunter
BPE-939,2022-08-18 15:52:38,-8.04033,-77.4443,"PE-10C, PARCOY, PATAZ, LA LIBERTAD, PERU",BPE-939,False,La Libertad,2022-08-18,15:52,Hunter
BPF-918,2023-01-26 18:37:06,-7.73324,-79.3018,"PANAMERICANA NORTE,PAIJAN,LA LIBERTAD",BPF-918,False,La Libertad,2023-01-26,18:37,Hunter
BPI-838,2022-08-18 15:43:17,-13.7274,-76.202,"FUNDO MOGOTE GRANDE, PISCO, ICA, PERU",BPI-838,False,Ica,2022-08-18,15:43,Hunter
BPI-945,2022-08-18 15:50:34,-12.0717,-76.9543,"LAS OROPÉNDOLAS, MATAZANGO, SAN BORJA, LIMA, LIMA METROPOLITAN AREA, PERU",BPI-945,True,Lima,2022-08-18,15:50,Hunter
BPJ-947,2023-01-26 18:37:03,-8.20795,-78.9858,"(-8.2079,-78.9858),TRUJILLO,LA LIBERTAD",BPJ-947,False,La Libertad,2023-01-26,18:37,Hunter
BPK-811,2023-01-26 18:36:07,-11.9881,-77.0812,"AVENIDA UNIVERSITARIA,SAN MARTIN DE PORRES,LIMA",BPK-811,False,Lima,2023-01-26,18:36,Hunter
BPK-812,2023-01-26 18:33:29,-5.20621,-80.6187,"AVENIDA CORPAC,CASTILLA,PIURA",BPK-812,False,Piura,2023-01-26,18:33,Hunter
BPK-922,2023-01-26 17:31:03,-9.11526,-78.5628,"PASAJE SANTA MARTA,CHIMBOTE,ANCASH",BPK-922,False,Ancash,2023-01-26,17:31,Hunter
BPK-928,2023-01-26 18:36:30,-12.1301,-76.9778,0 / 0,BPK-928,False,Lima,2023-01-26,18:36,Hunter
BPQ-741,2023-01-26 17:54:43,-13.6277,-71.3872,"CALLE LIBERTAD,OCONGATE,CUSCO",BPQ-741,False,Cusco,2023-01-26,17:54,Hunter
BPQ-742,2023-01-26 17:46:13,-5.08886,-81.0985,"AV. VICTOR RAUL HAYA DE LA TORRE,PAITA,PIURA",BPQ-742,False,Piura,2023-01-26,17:46,Hunter
BPQ-935,2023-01-26 18:36:45,-10.8114,-75.8823,"(-10.8113,-75.8823),PAUCARTAMBO,PASCO",BPQ-935,False,Pasco,2023-01-26,18:36,Hunter
BPQ-936,2023-01-26 18:24:49,-16.2233,-72.4701,"(-16.2232,-72.4701),CASTILLA,AREQUIPA",BPQ-936,False,Arequipa,2023-01-26,18:24,Hunter
BPQ-937 [ORLANDO BUSTINCIO - JULIACA PUNO],2023-01-26 18:17:36,-15.4859,-70.1383,"AV. EL SOL,JULIACA,PUNO",BPQ-937,False,Puno,2023-01-26,18:17,Hunter
BPR-722,2023-01-26 18:18:14,-16.3658,-71.559,"(-16.3657,-71.5590),CERRO COLORADO,AREQUIPA",BPR-722,False,Arequipa,2023-01-26,18:18,Hunter
BPR-723,2023-01-26 18:04:59,-13.4248,-71.8481,"PE-28B,PISAC,CUSCO",BPR-723,False,Cusco,2023-01-26,18:04,Hunter
BPR-853 [JOSE TRIGOSO - CHICLAYO],2023-01-26 18:33:23,-6.75187,-79.8646,"(-6.7518,-79.8646),CHICLAYO,LAMBAYEQUE",BPR-853,False,Lambayeque,2023-01-26,18:33,Hunter
BPR-855,2023-01-26 18:17:38,-6.75798,-79.8316,"CHONGOYAPE,JOSE LEONARDO ORTIZ,LAMBAYEQUE",BPR-855,False,Lambayeque,2023-01-26,18:17,Hunter
BPR-857,2023-01-26 18:04:37,-7.78196,-77.8674,"PE-10C,SANCHEZ CARRION,LA LIBERTAD",BPR-857,False,La Libertad,2023-01-26,18:04,Hunter
BPR-900,2023-01-26 18:29:00,-11.5255,-75.6355,"CARRETERA CENTRAL SUR,JAUJA,JUNIN",BPR-900,False,Junin,2023-01-26,18:29,Hunter
BPR-901,2023-01-26 18:32:08,-8.45368,-74.7776,"CARRETERA FEDERICO BASADRE,CAMPOVERDE,UCAYALI",BPR-901,False,Ucayali,2023-01-26,18:32,Hunter
BPS-719,2023-01-26 17:45:27,-10.5748,-75.4038,"JIRON MARISCAL CASTILLA,OXAPAMPA,PASCO",BPS-719,False,Pasco,2023-01-26,17:45,Hunter
BPS-819,2023-01-26 17:43:17,-5.71708,-78.8042,"ARANA VIDAL,JAEN,CAJAMARCA",BPS-819,False,Cajamarca,2023-01-26,17:43,Hunter
BPS-820,2023-01-26 18:32:15,-4.90913,-81.0585,"(-4.9091,-81.0585),PAITA,PIURA",BPS-820,False,Piura,2023-01-26,18:32,Hunter
BPS-914 [JAVIER NUÑEZ ICA 2],2023-01-26 18:15:47,-14.0602,-75.7387,"AVENIDIA LOS ANGELES,ICA,ICA",BPS-914,False,Ica,2023-01-26,18:15,Hunter
BPS-915,2023-01-26 18:36:48,-12.0772,-75.205,"CALLE REAL,CHILCA,JUNIN",BPS-915,False,Junin,2023-01-26,18:36,Hunter
BPT-875,2023-01-26 18:36:43,-8.01324,-78.3273,"PE-10A,JULCAN,LA LIBERTAD",BPT-875,False,La Libertad,2023-01-26,18:36,Hunter
BPY-777,2023-01-26 17:47:56,-6.4857,-76.3609,"JIRON MANUELA DE MOREY,TARAPOTO,SAN MARTIN",BPY-777,False,San Martin,2023-01-26,17:47,Hunter
BPY-799,2023-01-26 18:13:07,-6.55351,-78.6642,"GARCILAZO DE LA VEGA,CHOTA,CAJAMARCA",BPY-799,False,Cajamarca,2023-01-26,18:13,Hunter
BPY-880,2023-01-26 18:08:11,-18.0127,-70.253,"CORONEL INCLAN,TACNA,TACNA",BPY-880,False,Tacna,2023-01-26,18:08,Hunter
BPY-933,2023-01-26 18:36:45,-8.92844,-76.1145,"(-8.9284,-76.1145),JOSE CRESPO Y CASTILLO,HUANUCO",BPY-933,False,Huanuco,2023-01-26,18:36,Hunter
BPZ-734,2023-01-26 13:15:09,-15.4882,-70.1408,"JR. HUARAZ,JULIACA,PUNO",BPZ-734,False,Puno,2023-01-26,13:15,Hunter
BPZ-786,2023-01-26 18:02:47,-7.16175,-78.5043,"(-7.1617,-78.5042),CAJAMARCA,CAJAMARCA",BPZ-786,False,Cajamarca,2023-01-26,18:02,Hunter
BPZ-853,2023-01-26 18:35:41,-13.169,-74.2045,"AVENIDA ABANCAY,ANDRES AVELINO CACERES DORREGARAY,AYACUCHO",BPZ-853,False,Ayacucho,2023-01-26,18:35,Hunter
BRD-784,2023-01-26 18:32:14,-12.0722,-76.9539,"(-12.0721,-76.9538),LA MOLINA,LIMA",BRD-784,True,Lima,2023-01-26,18:32,Hunter
BRD-947,2023-01-26 18:01:40,-13.0766,-75.99,"(-13.0766,-75.9900),CHAVIN,ICA",BRD-947,False,Lima,2023-01-26,18:01,Hunter
BRE-821,2023-01-26 18:20:58,-12.11,-77.0487,"AVENIDA MARISCAL LA MAR,SAN ISIDRO,LIMA",BRE-821,False,Lima,2023-01-26,18:20,Hunter
BRF-708,2023-01-17 22:07:29,-13.0786,-75.9925,"(-13.0785,-75.9925),CHAVIN,ICA",BRF-708,False,Lima,2023-01-17,22:07,Hunter
BRJ-836 [LAP-CCO-10],2023-01-26 17:45:05,-12.0262,-77.105,"AVENIDA ELMER FAUCETT,CALLAO,CALLAO",BRJ-836,False,Lima,2023-01-26,17:45,Hunter
BRK-715 [LAP-MTTO-06],2023-01-26 18:34:26,-12.0217,-77.1093,"CALLE CORPAC,CALLAO,CALLAO",BRK-715,False,Lima,2023-01-26,18:34,Hunter
BRK-719 [LAP-SSG-02],2023-01-26 17:55:29,-12.0269,-77.1083,"ACCESO PARA PRIMER PISO,CALLAO,CALLAO",BRK-719,False,Lima,2023-01-26,17:55,Hunter
BRK-752 [LAP-CCO-11],2023-01-26 18:01:50,-12.0263,-77.105,"AVENIDA ELMER FAUCETT,CALLAO,CALLAO",BRK-752,False,Lima,2023-01-26,18:01,Hunter
BRK-770 [LAP-MTTO-05],2023-01-26 18:27:08,-12.0234,-77.1079,"(-12.0233,-77.1078),CALLAO,CALLAO",BRK-770,False,Lima,2023-01-26,18:27,Hunter
BRK-810 [LAP-SSG-03],2023-01-26 18:24:44,-12.0234,-77.1088,"(-12.0233,-77.1088),CALLAO,CALLAO",BRK-810,False,Lima,2023-01-26,18:24,Hunter
BRK-841 [LAP-CCO-06],2023-01-26 18:33:47,-12.03,-77.1067,"(-12.0300,-77.1067),CALLAO,CALLAO",BRK-841,False,Lima,2023-01-26,18:33,Hunter
BRM-053,2020-08-25 16:52:34,-12.0827,-76.9684,"AVENIDA EL GOLF LOS INCAS,MONTERRICO,SANTIAGO DE SURCO",BRM-053,False,Lima,2020-08-25,16:52,Hunter
BRO-788,2023-01-26 18:34:39,-10.6083,-76.2109,"PA-559, SAN JUAN DE MILPO, SAN FRANCISCO DE ASÍS DE YARUSYACÁN, PASCO, PERU",BRO-788,False,Pasco,2023-01-26,18:34,Hunter
BRO-802,2023-01-26 18:18:09,-10.6083,-76.2107,"PA-559, SAN JUAN DE MILPO, SAN FRANCISCO DE ASÍS DE YARUSYACÁN, PASCO, PERU",BRO-802,False,Pasco,2023-01-26,18:18,Hunter
BRO-832,2023-01-26 18:11:34,-10.6084,-76.2108,"PA-559, SAN JUAN DE MILPO, SAN FRANCISCO DE ASÍS DE YARUSYACÁN, PASCO, PERU",BRO-832,False,Pasco,2023-01-26,18:11,Hunter
BRO-948,2023-01-26 18:14:33,-12.0848,-77.0134,"AVENIDA NICOLAS ARRIOLA,LA VICTORIA,LIMA",BRO-948,False,Lima,2023-01-26,18:14,Hunter
BRO-949,2023-01-26 18:36:50,-12.006,-77.0884,"AVENIDA 12 DE OCTUBRE,SAN MARTIN DE PORRES,LIMA",BRO-949,False,Lima,2023-01-26,18:36,Hunter
BRP-743,2023-01-26 18:24:14,-11.9194,-77.1172,"(-11.9194,-77.1172),VENTANILLA,CALLAO",BRP-743,False,Lima,2023-01-26,18:24,Hunter
BRP-745,2023-01-26 18:18:07,-11.9982,-77.1128,"AVENIDA CANTA CALLAO,CALLAO,CALLAO",BRP-745,False,Lima,2023-01-26,18:18,Hunter
BRQ-786,2023-01-26 18:37:06,-12.3297,-76.83,"AVENIDA COSTA PERUANA,LIMA,LIMA",BRQ-786,False,Lima,2023-01-26,18:37,Hunter
BRR-818,2023-01-26 10:58:26,-12.0195,-77.1061,"AVENIDA ELMER FAUCETT,CALLAO,CALLAO",BRR-818,False,Lima,2023-01-26,10:58,Hunter
BRR-904,2023-01-26 18:15:58,-12.0194,-77.1061,"AVENIDA ELMER FAUCETT,CALLAO,CALLAO",BRR-904,False,Lima,2023-01-26,18:15,Hunter
BRR-930,2023-01-26 18:14:41,-12.0193,-77.106,"AVENIDA ELMER FAUCETT,CALLAO,CALLAO",BRR-930,False,Lima,2023-01-26,18:14,Hunter
BRS-769,2023-01-26 17:43:19,-12.0195,-77.1063,"AVENIDA ELMER FAUCETT,CALLAO,CALLAO",BRS-769,False,Lima,2023-01-26,17:43,Hunter
BRS-827,2023-01-26 18:37:10,-5.16821,-80.5325,"INTEROCEANICA NORTE,CASTILLA,PIURA",BRS-827,False,Piura,2023-01-26,18:37,Hunter
BRS-854,2023-01-26 18:15:59,-12.0194,-77.106,"AVENIDA ELMER FAUCETT,CALLAO,CALLAO",BRS-854,False,Lima,2023-01-26,18:15,Hunter
BRS-936,2023-01-26 18:17:50,-12.0195,-77.1062,"AVENIDA ELMER FAUCETT,CALLAO,CALLAO",BRS-936,False,Lima,2023-01-26,18:17,Hunter
BRT-894,2023-01-26 18:19:12,-12.0195,-77.1061,"AVENIDA ELMER FAUCETT,CALLAO,CALLAO",BRT-894,False,Lima,2023-01-26,18:19,Hunter
BRU-748 [MAYRA VIERA - PIURA],2023-01-26 17:37:04,-5.22501,-80.6519,"(-5.2250,-80.6519),CATACAOS,PIURA",BRU-748,False,Piura,2023-01-26,17:37,Hunter
BRU-832,2023-01-26 17:51:01,-16.4153,-71.5479,"AVENIDA PARRA,AREQUIPA,AREQUIPA",BRU-832,False,Arequipa,2023-01-26,17:51,Hunter
BRU-844,2023-01-26 18:37:01,-9.46908,-78.2939,"(-9.4690,-78.2938),CASMA,ANCASH",BRU-844,False,Ancash,2023-01-26,18:37,Hunter
BRU-865,2023-01-26 18:37:04,-5.1831,-80.6424,"(-5.1831,-80.6424),PIURA,PIURA",BRU-865,False,Piura,2023-01-26,18:37,Hunter
BRU-930 [YELTSIN TORRES TORRES],2023-01-26 18:15:38,-6.48267,-76.3774,"SALAVERRY,TARAPOTO,SAN MARTIN",BRU-930,False,San Martin,2023-01-26,18:15,Hunter
BRV-836,2023-01-26 18:01:19,-5.45264,-80.6067,"PANAMERICANA NORTE,EL TALLAN,PIURA",BRV-836,False,Piura,2023-01-26,18:01,Hunter
BRZ-413 [CARLOS REJAS-CAÑETE],2023-01-26 18:01:32,-12.0721,-76.9544,"LAS OROPENDOLAS,LA MOLINA,LIMA",BRZ-413,True,Lima,2023-01-26,18:01,Hunter
BSB-850 [HUGO ARENAS CHIMBOTE],2023-01-26 18:05:08,-9.13242,-78.5218,"JIRON LOS LIRIOS,NUEVO CHIMBOTE,ANCASH",BSB-850,False,Ancash,2023-01-26,18:05,Hunter
BSP-752,2023-01-26 18:07:12,-12.0683,-76.9933,"MARISCAL JOSE LA MAR,SAN LUIS,LIMA",BSP-752,False,Lima,2023-01-26,18:07,Hunter
BSP-820,2023-01-26 18:07:21,-13.2579,-76.3116,"(-13.2578,-76.3115),SAN VICENTE DE CANETE,LIMA",BSP-820,False,Lima,2023-01-26,18:07,Hunter
BSP-863,2023-01-26 18:36:50,-5.87039,-80.9772,"(-5.8703,-80.9771),SECHURA,PIURA",BSP-863,False,Piura,2023-01-26,18:36,Hunter
BSP-875,2023-01-26 18:20:43,-12.1236,-77.0366,"CALLE JUAN FANNING,MIRAFLORES,LIMA",BSP-875,False,Lima,2023-01-26,18:20,Hunter
BSP-917,2023-01-26 18:17:44,-5.08595,-81.1099,"JORGE CHAVEZ,PAITA,PIURA",BSP-917,False,Piura,2023-01-26,18:17,Hunter
BSP-943,2023-01-26 18:37:08,-5.08494,-81.1133,"JIRON JORGE CHAVEZ,PAITA,PIURA",BSP-943,False,Piura,2023-01-26,18:37,Hunter
BSZ-075 [GERENCIA FAMESA ],2023-01-26 18:23:13,-12.086,-76.9558,"CALLE LAS TIPUANAS,LA MOLINA,LIMA",BSZ-075,False,Lima,2023-01-26,18:23,Hunter
BSZ-524,2023-01-26 18:29:11,-12.0621,-76.9372,"MICAELA BASTIDAS 1, SAN BORJA, LIMA, LIMA METROPOLITAN AREA, PERU",BSZ-524,False,Lima,2023-01-26,18:29,Hunter
BTI-446,2023-01-07 17:40:53,-12.1028,-77.0477,"AVENIDA GENERAL JUAN ANTONIO PEZET,SAN ISIDRO,LIMA",BTI-446,False,Lima,2023-01-07,17:40,Hunter
BTI-527,2023-01-25 20:39:42,-12.0941,-77.0739,"JIRON LEONCIO PRADO,MAGDALENA DEL MAR,LIMA",BTI-527,False,Lima,2023-01-25,20:39,Hunter
BTY-108,2023-01-26 18:35:42,-12.0966,-77.0253,"AVENIDA PASEO DE LA REPUBLICA,SAN ISIDRO,LIMA",BTY-108,False,Lima,2023-01-26,18:35,Hunter
BTY-281,2023-01-26 18:35:18,-12.0091,-77.0109,"AVENIDA LAS FLORES DE PRIMAVERA,SAN JUAN DE LURIGANCHO,LIMA",BTY-281,False,Lima,2023-01-26,18:35,Hunter
BTY-285,2023-01-26 18:19:13,-12.088,-76.8908,"(-12.0879,-76.8907),LA MOLINA,LIMA",BTY-285,False,Lima,2023-01-26,18:19,Hunter
BTY-287,2023-01-26 18:37:06,-12.0313,-77.0574,"PASAJE LEON VELARDE,SAN MARTIN DE PORRES,LIMA",BTY-287,False,Lima,2023-01-26,18:37,Hunter
BTY-674,2023-01-26 16:32:09,-12.1065,-77.0419,"CALLE ALFREDO SALAZAR,SAN ISIDRO,LIMA",BTY-674,False,Lima,2023-01-26,16:32,Hunter
BTZ-124,2023-01-26 17:48:32,-11.9733,-77.1167,"CALLE SAN MIGUEL,SAN MARTIN DE PORRES,LIMA",BTZ-124,False,Lima,2023-01-26,17:48,Hunter
BTZ-210,2023-01-26 07:26:59,-12.0722,-76.9546,"LAS OROPENDOLAS,LA MOLINA,LIMA",BTZ-210,True,Lima,2023-01-26,07:26,Hunter
BTZ-323,2023-01-26 18:11:04,-12.0539,-77.0719,"AUGUSTO GONZALES OLAECHEA,LIMA,LIMA",BTZ-323,False,Lima,2023-01-26,18:11,Hunter
BTZ-325,2023-01-26 18:10:19,-12.0539,-77.0718,"AUGUSTO GONZALES OLAECHEA,LIMA,LIMA",BTZ-325,False,Lima,2023-01-26,18:10,Hunter
BTZ-397,2023-01-26 18:36:12,-11.8682,-77.0199,"(-11.8681,-77.019),CARABAYLLO,LIMA",BTZ-397,False,Lima,2023-01-26,18:36,Hunter
BTZ-398,2023-01-26 18:32:47,-12.0542,-76.9558,"CALLE 6,ATE,LIMA",BTZ-398,False,Lima,2023-01-26,18:32,Hunter
BTZ-399,2023-01-26 18:35:27,-11.9418,-77.1313,"AVENIDA NESTOR GAMBETTA,CALLAO,CALLAO",BTZ-399,False,Lima,2023-01-26,18:35,Hunter
BTZ-537,2023-01-26 17:43:12,-11.974,-77.1136,"(-11.9740,-77.1135),SAN MARTIN DE PORRES,LIMA",BTZ-537,False,Lima,2023-01-26,17:43,Hunter
BUC-287,2023-01-26 17:46:14,-12.025,-77.0685,"(-12.0249,-77.0685),SAN MARTIN DE PORRES,LIMA",BUC-287,False,Lima,2023-01-26,17:46,Hunter
BUG-586,2023-01-26 18:09:37,-12.1815,-77.0006,"AVENIDA GUARDIA PERUANA,CHORRILLOS,LIMA",BUG-586,False,Lima,2023-01-26,18:09,Hunter
BUH-463,2023-01-26 17:33:34,-12.2122,-76.9077,"TALARA,VILLA MARIA DEL TRIUNFO,LIMA",BUH-463,False,Lima,2023-01-26,17:33,Hunter
BUH-574,2023-01-26 14:34:59,-12.2922,-76.8439,"JIRON LOS EUCALIPTOS,LURIN,LIMA",BUH-574,False,Lima,2023-01-26,14:34,Hunter
BUI-110,2023-01-26 17:37:30,-11.9247,-77.0187,"PASAJE 1 DE JUNIO,COMAS,LIMA",BUI-110,False,Lima,2023-01-26,17:37,Hunter
BUI-259,2023-01-26 18:02:37,-12.2334,-76.9408,"(-12.2333,-76.9408),VILLA EL SALVADOR,LIMA",BUI-259,False,Lima,2023-01-26,18:02,Hunter
BUI-335,2023-01-26 16:56:23,-12.076,-77.0935,"AVENIDA LA MARINA,SAN MIGUEL,LIMA",BUI-335,False,Lima,2023-01-26,16:56,Hunter
BUI-382,2023-01-26 17:39:23,-12.0541,-76.9551,"CALLE JUNIN,ATE,LIMA",BUI-382,False,Lima,2023-01-26,17:39,Hunter
BUJ-023,2023-01-26 11:14:21,-12.2926,-76.8439,"JIRON LOS EUCALIPTOS,LURIN,LIMA",BUJ-023,False,Lima,2023-01-26,11:14,Hunter
BUS-074 [CARLOS ROJAS - GRTE MERCADEO],2023-01-26 09:13:26,-12.1024,-76.9701,"AVENIDA LA ENCALADA,SANTIAGO DE SURCO,LIMA",BUS-074,False,Lima,2023-01-26,09:13,Hunter
BUZ-029 [CLIENTE - ALBERTO FLORES - ICA],2023-01-26 17:55:22,-14.0246,-75.7485,"(-14.0246,-75.7484),SUBTANJALLA,ICA",BUZ-029,False,Ica,2023-01-26,17:55,Hunter
BVN-176,2023-01-26 18:33:53,-8.14424,-79.0308,"AVENIDA LAS PALMAS,VICTOR LARCO HERRERA,LA LIBERTAD",BVN-176,False,La Libertad,2023-01-26,18:33,Hunter
BVN-606 [ATILIO GHIO AGUERO],2023-01-26 18:34:26,-12.0717,-76.9543,"AVENIDA JAVIER PRADO ESTE,LA MOLINA,LIMA",BVN-606,True,Lima,2023-01-26,18:34,Hunter
BWI-341,2023-01-26 17:53:05,-12.2399,-76.9476,"ANTIGUA PANAMERICANA SUR,VILLA EL SALVADOR,LIMA",BWI-341,False,Lima,2023-01-26,17:53,Hunter
BWT-261 [GA-MB RENTING],2023-01-26 18:24:57,-12.0925,-77.0276,"CALLE AMADOR MERINO REYNA,SAN ISIDRO,LIMA",BWT-261,False,Lima,2023-01-26,18:24,Hunter
BXA-689,2023-01-26 17:46:30,-12.1303,-77.0025,"JIRON EL ESCORIAL,SANTIAGO DE SURCO,LIMA",BXA-689,False,Lima,2023-01-26,17:46,Hunter
BXP-352,2023-01-26 18:37:11,-12.1002,-76.9793,"AVENIDA PANAMERICANA SUR,SANTIAGO DE SURCO,LIMA",BXP-352,False,Lima,2023-01-26,18:37,Hunter
BXZ-500,2023-01-26 17:59:29,-12.155,-76.9826,"AVENIDA PEDRO JOSE MIOTTA,SAN JUAN DE MIRAFLORES,LIMA",BXZ-500,False,Lima,2023-01-26,17:59,Hunter
BYA-599,2023-01-26 18:04:42,-11.989,-77.0016,"JIRON LOS ESMERILES,SAN JUAN DE LURIGANCHO,LIMA",BYA-599,False,Lima,2023-01-26,18:04,Hunter
BYC-520,2023-01-26 17:34:28,-12.1002,-76.9805,"AVENIDA BUENA VISTA, MONTERRICO, SAN BORJA, LIMA, LIMA METROPOLITAN AREA, PERU",BYC-520,False,Lima,2023-01-26,17:34,Hunter
BYE-408,2023-01-26 17:40:49,-13.0766,-75.9912,"TAMBILLA, CHAVÍN, CHINCHA, ICA, PERU",BYE-408,False,Lima,2023-01-26,17:40,Hunter
BYF-523,2023-01-26 18:25:14,-13.0863,-75.995,"TAMBILLA, CHAVÍN, CHINCHA, ICA, PERU",BYF-523,False,Lima,2023-01-26,18:25,Hunter
BYH-245,2023-01-26 18:07:56,-12.7345,-76.632,"EL TORO, ASIA, CAÑETE, LIMA, PERU",BYH-245,False,Lima,2023-01-26,18:07,Hunter
BYI-397 [KOAMTSU],2023-01-26 18:19:05,-12.1235,-77.0383,"MALECON CISNEROS,MIRAFLORES,LIMA",BYI-397,False,Lima,2023-01-26,18:19,Hunter
BYO-009,2023-01-26 18:36:46,-12.0927,-76.9972,"JIRON VELASQUEZ,SAN BORJA,LIMA",BYO-009,False,Lima,2023-01-26,18:36,Hunter
BYO-099,2023-01-25 14:23:55,-12.1228,-77.026,"CALLE GRIMALDO DEL SOLAR,MIRAFLORES,LIMA",BYO-099,False,Lima,2023-01-25,14:23,Hunter
BYO-483,2023-01-26 14:40:39,-12.1187,-77.01,"AVENIDA ROCA Y BOLONA,SURQUILLO,LIMA",BYO-483,False,Lima,2023-01-26,14:40,Hunter
BYR-129,2022-12-22 18:14:08,-12.0991,-77.0433,0 / 0,BYR-129,False,Lima,2022-12-22,18:14,Hunter
BYR-409,2023-01-26 17:53:27,-12.1115,-77.0427,"AVENIDA ANGAMOS OESTE,MIRAFLORES,LIMA",BYR-409,False,Lima,2023-01-26,17:53,Hunter
BYS-138,2022-12-22 12:10:05,-3.65015,-80.6158,"CARRETERA PANAMERICANA NORTE (PE-1N), GRAU, ZORRITOS, CONTRALMIRANTE VILLAR, TUMBES, PERU",BYS-138,False,Tumbes,2022-12-22,12:10,Hunter
BYT-288,2023-01-26 17:21:46,-12.1237,-77.0252,"SCHELL STREET, MIRAFLORES, LIMA, PERU",BYT-288,False,Lima,2023-01-26,17:21,Hunter
BYU-195,2023-01-26 18:29:43,-12.1018,-76.9419,"JIRÓN PUERTO PIZARRO, LA MOLINA, LIMA, PERU",BYU-195,False,Lima,2023-01-26,18:29,Hunter
BYU-265,2023-01-26 18:10:21,-13.0767,-75.9911,"TAMBILLA, CHAVÍN, CHINCHA, ICA, PERU",BYU-265,False,Lima,2023-01-26,18:10,Hunter
BYV-511,2023-01-25 07:42:50,-12.1298,-77.0355,"CIRCUITO DE PLAYAS,MIRAFLORES,LIMA",BYV-511,False,Lima,2023-01-25,07:42,Hunter
BYV-699,2023-01-26 18:16:39,-12.1036,-76.9657,"LOS ALAMOS,SANTIAGO DE SURCO,LIMA",BYV-699,False,Lima,2023-01-26,18:16,Hunter
BZC-244,2023-01-26 18:35:41,-12.0754,-77.121,"(-12.0753,-77.1209),LA PERLA,CALLAO",BZC-244,False,Lima,2023-01-26,18:35,Hunter
BZG-580,2023-01-26 17:06:29,-12.115,-77.0428,"CALLE GENERAL CORDOVA,MIRAFLORES,LIMA",BZG-580,False,Lima,2023-01-26,17:06,Hunter
BZG-642,2023-01-26 18:36:01,-12.0862,-77.0153,"AVENIDA JOSE GALVEZ BARRENECHEA,LA VICTORIA,LIMA",BZG-642,False,Lima,2023-01-26,18:36,Hunter
BZH-645,2023-01-26 17:48:31,-12.1055,-76.938,"ALAMEDA DE LOS VIRREYES,LA MOLINA,LIMA",BZH-645,False,Lima,2023-01-26,17:48,Hunter
BZJ-519,2023-01-26 18:27:29,-12.1368,-77.0098,"AVENIDA LA MERCED,SANTIAGO DE SURCO,LIMA",BZJ-519,False,Lima,2023-01-26,18:27,Hunter
BZP-061,2023-01-26 15:37:21,-12.1178,-77.0438,"AVENIDA DEL EJERCITO,MIRAFLORES,LIMA",BZP-061,False,Lima,2023-01-26,15:37,Hunter
BZP-470,2023-01-26 09:31:47,-12.1185,-77.0432,"AVENIDA DEL EJERCITO,MIRAFLORES,LIMA",BZP-470,False,Lima,2023-01-26,09:31,Hunter
BZR-334,2023-01-26 17:15:21,-12.1088,-76.988,"CALLE BUEN RETIRO,SAN BORJA,LIMA",BZR-334,False,Lima,2023-01-26,17:15,Hunter
BZS-032,2023-01-26 18:36:41,-12.0939,-76.9677,"AVENIDA EL GOLF LOS INCAS,SANTIAGO DE SURCO,LIMA",BZS-032,False,Lima,2023-01-26,18:36,Hunter
BZS-293,2023-01-26 15:39:58,-12.2139,-77.0065,"AVENIDA ALAMEDA LA ENCANTADA,CHORRILLOS,LIMA",BZS-293,False,Lima,2023-01-26,15:39,Hunter
BZU-208,2023-01-26 18:36:55,-4.84042,-80.807,"PANAMERICANA NORTE CENTRO POBLADO LA GOLONDRINA,IGNACIO ESCUDERO,PIURA",BZU-208,False,Piura,2023-01-26,18:36,Hunter
BZU-348,2023-01-25 18:42:35,-12.0943,-77.0461,"CALLE LOS LAURELES,SAN ISIDRO,LIMA",BZU-348,False,Lima,2023-01-25,18:42,Hunter
BZU-546,2023-01-26 18:28:22,-12.0796,-76.9828,"JIRON LOS CAPULIES,ATE,LIMA",BZU-546,False,Lima,2023-01-26,18:28,Hunter
BZV-048,2023-01-26 18:36:59,-12.1198,-77.0242,"AVENIDA RICARDO PALMA,MIRAFLORES,LIMA",BZV-048,False,Lima,2023-01-26,18:36,Hunter
BZV-347,2023-01-26 18:15:38,-12.0897,-77.0042,"(-12.0896,-77.0042),SAN BORJA,LIMA",BZV-347,False,Lima,2023-01-26,18:15,Hunter
BZV-621,2022-11-25 23:28:32,-12.0745,-76.9484,"SALCANTAY,LA MOLINA,LIMA",BZV-621,False,Lima,2022-11-25,23:28,Hunter
BZW-591,2023-01-26 17:52:27,-12.0716,-76.9539,"LOS JILGEROS,LA MOLINA,LIMA",BZW-591,True,Lima,2023-01-26,17:52,Hunter
CAA-541,2023-01-26 08:56:31,-12.1141,-76.9819,"CONDE DE LA VEGA,SANTIAGO DE SURCO,LIMA",CAA-541,False,Lima,2023-01-26,08:56,Hunter
CAB-259,2023-01-26 18:30:53,-12.0743,-76.9642,"AVENIDA LOS FRUTALES,LA MOLINA,LIMA",CAB-259,False,Lima,2023-01-26,18:30,Hunter
CAD-502,2023-01-26 18:15:46,-11.9794,-77.0672,"HUANCHAY,LOS OLIVOS,LIMA",CAD-502,False,Lima,2023-01-26,18:15,Hunter
CAD-674,2023-01-26 18:35:29,-14.065,-75.7345,"JOSE MATIAS MANZANILLA,ICA,ICA",CAD-674,False,Ica,2023-01-26,18:35,Hunter
CAE-003,2023-01-26 18:30:46,-11.9908,-77.0737,"LOS CASTANOS,LOS OLIVOS,LIMA",CAE-003,False,Lima,2023-01-26,18:30,Hunter
CAE-583,2023-01-26 17:41:07,-16.3711,-71.5442,"(-16.3710,-71.5441),CAYMA,AREQUIPA",CAE-583,False,Arequipa,2023-01-26,17:41,Hunter
CAG-225,2023-01-24 18:02:44,-12.0888,-76.9578,"JIRON LAS ORQUIDEAS,LA MOLINA,LIMA",CAG-225,False,Lima,2023-01-24,18:02,Hunter
CAG-444,2023-01-26 06:04:28,-12.0203,-77.1074,"ENTRADA TAXIS,CALLAO,CALLAO",CAG-444,False,Lima,2023-01-26,06:04,Hunter
CAJ-421,2023-01-26 18:36:51,-12.1214,-76.9995,"CALLE EL EUCALIPTO,SURQUILLO,LIMA",CAJ-421,False,Lima,2023-01-26,18:36,Hunter
CAP-113,2023-01-26 18:36:20,-12.1041,-77.0271,"AVENIDA PASEO DE LA REPUBLICA,SURQUILLO,LIMA",CAP-113,False,Lima,2023-01-26,18:36,Hunter
CAT-061,2023-01-26 18:36:49,-12.0972,-77.0129,"CALLE 21,SAN ISIDRO,LIMA",CAT-061,False,Lima,2023-01-26,18:36,Hunter
CAT-212,2023-01-26 18:03:27,-12.1261,-76.9911,"AVENIDA HIGUERETA,SANTIAGO DE SURCO,LIMA",CAT-212,False,Lima,2023-01-26,18:03,Hunter
CAT-502,2023-01-26 17:45:02,-12.1323,-77.0046,"JIRON PUERTO INKA,SANTIAGO DE SURCO,LIMA",CAT-502,False,Lima,2023-01-26,17:45,Hunter
CBB-111,2023-01-26 17:40:07,-12.1262,-76.9712,"LA CANTUTA,SANTIAGO DE SURCO,LIMA",CBB-111,False,Lima,2023-01-26,17:40,Hunter
CBB-150,2023-01-26 17:45:58,-11.9192,-77.1172,"(-11.9191,-77.1171),VENTANILLA,CALLAO",CBB-150,False,Lima,2023-01-26,17:45,Hunter
CBB-177,2023-01-26 18:34:39,-12.0147,-77.0812,"PASAJE 37,SAN MARTIN DE PORRES,LIMA",CBB-177,False,Lima,2023-01-26,18:34,Hunter
CBB-202,2023-01-09 14:25:28,-12.0853,-77.014,"AVENIDA NICOLAS ARRIOLA,LA VICTORIA,LIMA",CBB-202,False,Lima,2023-01-09,14:25,Hunter
CBB-331,2023-01-26 17:56:30,-12.1571,-76.995,"JIRON CMDTE. FAP. GUILLERMO BRENNERT,SANTIAGO DE SURCO,LIMA",CBB-331,False,Lima,2023-01-26,17:56,Hunter
CBD-179,2022-12-23 07:48:25,-12.1098,-77.0455,"CALLE VICTOR MAURTUA, ORRANTIA DEL MAR, SAN ISIDRO, LIMA, LIMA METROPOLITAN AREA, PERU",CBD-179,False,Lima,2022-12-23,07:48,Hunter
CBG-123,2023-01-26 14:21:15,-12.0775,-76.9661,"LAS CAMELIAS,LA MOLINA,LIMA",CBG-123,False,Lima,2023-01-26,14:21,Hunter
CBH-323,2023-01-26 18:35:53,-11.6086,-77.2182,"R-31,AUCALLAMA,LIMA",CBH-323,False,Lima,2023-01-26,18:35,Hunter
CBI-123,2023-01-26 18:07:57,-5.7484,-78.4506,"AVENIDA CHACHAPOYAS,BAGUA GRANDE,AMAZONAS",CBI-123,False,Amazonas,2023-01-26,18:07,Hunter
CBJ-002,2023-01-26 18:37:00,-11.7662,-77.1586,"PANAMERICANA NORTE,ANCON,LIMA",CBJ-002,False,Lima,2023-01-26,18:37,Hunter
CBL-091,2023-01-26 17:44:18,-12.0447,-76.9859,"C. ALEGRIA URUGUAY,EL AGUSTINO,LIMA",CBL-091,False,Lima,2023-01-26,17:44,Hunter
CBN-578,2023-01-26 13:52:47,-12.0869,-76.9716,0 / 0,CBN-578,False,Lima,2023-01-26,13:52,Hunter
CBZ-066,2023-01-26 17:47:23,-13.7423,-76.226,"(-13.7422,-76.2260),SAN ANDRES,ICA",CBZ-066,False,Ica,2023-01-26,17:47,Hunter
CCG-688,2023-01-26 17:54:50,-12.7777,-76.5973,"(-12.7776,-76.5972),ASIA,LIMA",CCG-688,False,Lima,2023-01-26,17:54,Hunter
CCM-324 [GENARO LIRA LIMA],2023-01-26 17:43:55,-12.1036,-76.9715,"AVENIDA EL POLO,SANTIAGO DE SURCO,LIMA",CCM-324,False,Lima,2023-01-26,17:43,Hunter
CCQ-287,2023-01-26 17:46:35,-12.0783,-77.0949,"AVENIDA LOS PATRIOTAS,SAN MIGUEL,LIMA",CCQ-287,False,Lima,2023-01-26,17:46,Hunter
CDB-397,2023-01-26 17:42:15,-8.1213,-79.04,"AVENIDA AMERICA SUR,TRUJILLO,LA LIBERTAD",CDB-397,False,La Libertad,2023-01-26,17:42,Hunter
M5R-032,2023-01-26 12:47:34,-6.8332,-79.9377,"(-6.8332,-79.9377),CHICLAYO,LAMBAYEQUE",M5R-032,False,Lambayeque,2023-01-26,12:47,Hunter
P3Z-180,2023-01-26 18:35:23,-6.83319,-79.9376,"(-6.8331,-79.9375),CHICLAYO,LAMBAYEQUE",P3Z-180,False,Lambayeque,2023-01-26,18:35,Hunter
Z7Z-925,2023-01-26 15:20:50,-11.8388,-77.1116,"AVENIDA NESTOR GAMBETTA,PUENTE PIEDRA,LIMA",Z7Z-925,False,Lima,2023-01-26,15:20,Hunter
BJU-718,2023-01-26 18:37:06,-10.5788,-76.1878,"CARRETERA LONGITUDINAL DE LA SIERRA NORTE (PE-3N), YANAPAMPA, YANACANCHA, PASCO, PERU",BJU-718,False,Pasco,2023-01-26,18:37,Hunter
BJS-715,2023-01-26 18:07:18,-10.6082,-76.2101,0 / 0,BJS-715,False,Pasco,2023-01-26,18:07,Hunter
BJS-716,2021-05-06 15:28:27,-10.6091,-76.2102,"PA-559, SAN FRANCISCO DE ASÍS DE YARUSYACÁN, PASCO, PERU",BJS-716,False,Pasco,2021-05-06,15:28,Hunter
BJS-740,2023-01-26 17:39:41,-10.5814,-76.1878,0 / 0,BJS-740,False,Pasco,2023-01-26,17:39,Hunter
BJS-748,2023-01-26 17:43:56,-10.6084,-76.2108,"PA-559, SAN JUAN DE MILPO, SAN FRANCISCO DE ASÍS DE YARUSYACÁN, PASCO, PERU",BJS-748,False,Pasco,2023-01-26,17:43,Hunter
BJS-870,2023-01-26 18:28:09,-10.6096,-76.2102,"PA-559, SAN JUAN DE MILPO, SAN FRANCISCO DE ASÍS DE YARUSYACÁN, PASCO, PERU",BJS-870,False,Pasco,2023-01-26,18:28,Hunter
BJS-871,2021-05-09 10:11:19,-10.6096,-76.2102,"PA-559, SAN FRANCISCO DE ASÍS DE YARUSYACÁN, PASCO, PERU",BJS-871,False,Pasco,2021-05-09,10:11,Hunter
BJT-772,2023-01-26 18:29:44,-10.6084,-76.2107,"PA-559, SAN JUAN DE MILPO, SAN FRANCISCO DE ASÍS DE YARUSYACÁN, PASCO, PERU",BJT-772,False,Pasco,2023-01-26,18:29,Hunter
BJT-777,2022-10-14 23:23:03,-12.1107,-77.0107,"JEAN PAUL SARTRE,SURQUILLO,LIMA",BJT-777,False,Lima,2022-10-14,23:23,Hunter
BJT-833,2023-01-26 18:14:29,-10.6084,-76.2107,0 / 0,BJT-833,False,Pasco,2023-01-26,18:14,Hunter
BJU-713,2023-01-26 18:33:38,-10.6095,-76.2102,"PA-559, SAN JUAN DE MILPO, SAN FRANCISCO DE ASÍS DE YARUSYACÁN, PASCO, PERU",BJU-713,False,Pasco,2023-01-26,18:33,Hunter
BJV-828,2023-01-26 18:28:07,-10.6095,-76.2102,"PA-559, SAN JUAN DE MILPO, SAN FRANCISCO DE ASÍS DE YARUSYACÁN, PASCO, PERU",BJV-828,False,Pasco,2023-01-26,18:28,Hunter
BUL-601,2023-01-26 18:37:01,-11.8807,-77.0208,"AVENIDA TUPAC AMARU,CARABAYLLO,LIMA",BUL-601,False,Lima,2023-01-26,18:37,Hunter
BRE-819,2023-01-26 18:36:15,-10.6076,-76.2104,"PA-559, SAN JUAN DE MILPO, SAN FRANCISCO DE ASÍS DE YARUSYACÁN, PASCO, PERU",BRE-819,False,Pasco,2023-01-26,18:36,Hunter
